observed_fraction,null_mean,null_sd,enrichment_delta,empirical_p_greater,empirical_p_less,n_permutations,radius,n_spots,n_source_high,n_target_high,n_overlap_high,overlap_fraction_of_source,target_to_source_fraction,sample,sample_name,stage,top_n,quantile,radius_multiplier
0.1838893409275834,0.2995077298616762,0.010664502728500462,-0.11561838893409276,1.0,0.004975124378109453,200,150.0,4095,1229,1229,226,0.1838893409275834,0.1838893409275834,GSM5702473,GSM5702473_TD1,IAC,10,0.7,0.75
0.4255492270138324,0.6198291293734745,0.01536240723556996,-0.19427990235964204,1.0,0.004975124378109453,200,200.0,4095,1229,1229,226,0.1838893409275834,0.323026851098454,GSM5702473,GSM5702473_TD1,IAC,10,0.7,1.0
0.7428803905614321,0.9166517493897477,0.011118113867476371,-0.17377135882831563,1.0,0.004975124378109453,200,250.0,4095,1229,1229,226,0.1838893409275834,0.4222945484133442,GSM5702473,GSM5702473_TD1,IAC,10,0.7,1.25
0.126953125,0.250537109375,0.01156220273681398,-0.12358398437500001,1.0,0.004975124378109453,200,150.0,4095,1024,1024,130,0.126953125,0.126953125,GSM5702473,GSM5702473_TD1,IAC,10,0.75,0.75
0.3095703125,0.5422900390625,0.017263473376328713,-0.23271972656249995,1.0,0.004975124378109453,200,200.0,4095,1024,1024,130,0.126953125,0.244140625,GSM5702473,GSM5702473_TD1,IAC,10,0.75,1.0
0.6259765625,0.8660791015625,0.01598002435581715,-0.2401025390625,1.0,0.004975124378109453,200,250.0,4095,1024,1024,130,0.126953125,0.34765625,GSM5702473,GSM5702473_TD1,IAC,10,0.75,1.25
0.07203907203907203,0.20093406593406596,0.012528938367978835,-0.12889499389499393,1.0,0.004975124378109453,200,150.0,4095,819,819,59,0.07203907203907203,0.07203907203907203,GSM5702473,GSM5702473_TD1,IAC,10,0.8,0.75
0.18803418803418803,0.45633089133089144,0.018823750195600276,-0.2682967032967034,1.0,0.004975124378109453,200,200.0,4095,819,819,59,0.07203907203907203,0.15262515262515264,GSM5702473,GSM5702473_TD1,IAC,10,0.8,1.0
0.43223443223443225,0.7881807081807082,0.019939853344488976,-0.3559462759462759,1.0,0.004975124378109453,200,250.0,4095,819,819,59,0.07203907203907203,0.25274725274725274,GSM5702473,GSM5702473_TD1,IAC,10,0.8,1.25
0.16029292107404394,0.3006427990235964,0.011117040310946074,-0.14034987794955248,1.0,0.004975124378109453,200,150.0,4095,1229,1229,197,0.16029292107404394,0.16029292107404394,GSM5702473,GSM5702473_TD1,IAC,20,0.7,0.75
0.402766476810415,0.6195199349064279,0.01643649330035758,-0.21675345809601287,1.0,0.004975124378109453,200,200.0,4095,1229,1229,197,0.16029292107404394,0.30431244914564687,GSM5702473,GSM5702473_TD1,IAC,20,0.7,1.0
0.7217249796582588,0.916118795768918,0.01078720689034029,-0.1943938161106592,1.0,0.004975124378109453,200,250.0,4095,1229,1229,197,0.16029292107404394,0.40683482506102525,GSM5702473,GSM5702473_TD1,IAC,20,0.7,1.25
0.111328125,0.250185546875,0.01218562232240981,-0.138857421875,1.0,0.004975124378109453,200,150.0,4095,1024,1024,114,0.111328125,0.111328125,GSM5702473,GSM5702473_TD1,IAC,20,0.75,0.75
0.302734375,0.544853515625,0.017709724596386756,-0.24211914062499995,1.0,0.004975124378109453,200,200.0,4095,1024,1024,114,0.111328125,0.240234375,GSM5702473,GSM5702473_TD1,IAC,20,0.75,1.0
0.59765625,0.865576171875,0.015168938407678275,-0.267919921875,1.0,0.004975124378109453,200,250.0,4095,1024,1024,114,0.111328125,0.3369140625,GSM5702473,GSM5702473_TD1,IAC,20,0.75,1.25
0.06349206349206349,0.1990964590964591,0.013009481240375742,-0.1356043956043956,1.0,0.004975124378109453,200,150.0,4095,819,819,52,0.06349206349206349,0.06349206349206349,GSM5702473,GSM5702473_TD1,IAC,20,0.8,0.75
0.21001221001221002,0.45509768009768015,0.020591577694770383,-0.24508547008547013,1.0,0.004975124378109453,200,200.0,4095,819,819,52,0.06349206349206349,0.16727716727716727,GSM5702473,GSM5702473_TD1,IAC,20,0.8,1.0
0.4627594627594628,0.7903601953601954,0.018054940193741174,-0.32760073260073264,1.0,0.004975124378109453,200,250.0,4095,819,819,52,0.06349206349206349,0.27472527472527475,GSM5702473,GSM5702473_TD1,IAC,20,0.8,1.25
0.22782750203417412,0.29989829129373474,0.010277782622412995,-0.07207078925956062,1.0,0.004975124378109453,200,150.0,4095,1229,1229,280,0.22782750203417412,0.22782750203417412,GSM5702473,GSM5702473_TD1,IAC,30,0.7,0.75
0.5134255492270138,0.6202318958502847,0.016348347341689114,-0.10680634662327093,1.0,0.004975124378109453,200,200.0,4095,1229,1229,280,0.22782750203417412,0.38812042310821804,GSM5702473,GSM5702473_TD1,IAC,30,0.7,1.0
0.7949552481692432,0.9167656631407649,0.011050647178330158,-0.12181041497152167,1.0,0.004975124378109453,200,250.0,4095,1229,1229,280,0.22782750203417412,0.48006509357200977,GSM5702473,GSM5702473_TD1,IAC,30,0.7,1.25
0.1533203125,0.2513525390625,0.012182982159986701,-0.09803222656249999,1.0,0.004975124378109453,200,150.0,4095,1024,1024,157,0.1533203125,0.1533203125,GSM5702473,GSM5702473_TD1,IAC,30,0.75,0.75
0.40234375,0.5447412109375,0.016263136683426695,-0.14239746093750005,1.0,0.004975124378109453,200,200.0,4095,1024,1024,157,0.1533203125,0.3203125,GSM5702473,GSM5702473_TD1,IAC,30,0.75,1.0
0.6806640625,0.863876953125,0.014319983481611313,-0.183212890625,1.0,0.004975124378109453,200,250.0,4095,1024,1024,157,0.1533203125,0.41796875,GSM5702473,GSM5702473_TD1,IAC,30,0.75,1.25
0.0927960927960928,0.19976190476190475,0.012417414665507043,-0.10696581196581195,1.0,0.004975124378109453,200,150.0,4095,819,819,76,0.0927960927960928,0.0927960927960928,GSM5702473,GSM5702473_TD1,IAC,30,0.8,0.75
0.29181929181929184,0.45497557997558,0.019640216076342247,-0.1631562881562882,1.0,0.004975124378109453,200,200.0,4095,819,819,76,0.0927960927960928,0.2258852258852259,GSM5702473,GSM5702473_TD1,IAC,30,0.8,1.0
0.5384615384615384,0.7886996336996337,0.01989932429591858,-0.25023809523809526,1.0,0.004975124378109453,200,250.0,4095,819,819,76,0.0927960927960928,0.32722832722832723,GSM5702473,GSM5702473_TD1,IAC,30,0.8,1.25
0.3071698113207547,0.2985962264150943,0.01157665083987333,0.008573584905660403,0.23383084577114427,0.8059701492537313,200,150.0,4416,1325,1325,407,0.3071698113207547,0.3071698113207547,GSM5702474,GSM5702474_TD2,IAC,10,0.7,0.75
0.6588679245283019,0.6738603773584905,0.012768282711524458,-0.014992452830188574,0.8756218905472637,0.13930348258706468,200,200.0,4416,1325,1325,407,0.3071698113207547,0.6188679245283019,GSM5702474,GSM5702474_TD2,IAC,10,0.7,1.0
0.8815094339622641,0.9143207547169812,0.009299217875346428,-0.032811320754717044,1.0,0.004975124378109453,200,250.0,4416,1325,1325,407,0.3071698113207547,0.8332075471698113,GSM5702474,GSM5702474_TD2,IAC,10,0.7,1.25
0.24456521739130435,0.24971920289855074,0.011670870335698805,-0.005153985507246384,0.6965174129353234,0.34328358208955223,200,150.0,4416,1104,1104,270,0.24456521739130435,0.24456521739130435,GSM5702474,GSM5702474_TD2,IAC,10,0.75,0.75
0.5797101449275363,0.5957472826086956,0.01624704624832522,-0.01603713768115933,0.8507462686567164,0.1890547263681592,200,200.0,4416,1104,1104,270,0.24456521739130435,0.5443840579710145,GSM5702474,GSM5702474_TD2,IAC,10,0.75,1.0
0.8188405797101449,0.8615896739130434,0.013167861397725562,-0.04274909420289852,1.0,0.009950248756218905,200,250.0,4416,1104,1104,270,0.24456521739130435,0.7545289855072463,GSM5702474,GSM5702474_TD2,IAC,10,0.75,1.25
0.1868629671574179,0.2004530011325028,0.012310509146385257,-0.013590033975084903,0.8955223880597015,0.13432835820895522,200,150.0,4416,883,883,165,0.1868629671574179,0.1868629671574179,GSM5702474,GSM5702474_TD2,IAC,10,0.8,0.75
0.4813137032842582,0.5061664779161948,0.01679243491960567,-0.024852774631936636,0.9303482587064676,0.0945273631840796,200,200.0,4416,883,883,165,0.1868629671574179,0.44847112117780297,GSM5702474,GSM5702474_TD2,IAC,10,0.8,1.0
0.7202718006795017,0.7858890147225368,0.015914131855870397,-0.06561721404303511,1.0,0.004975124378109453,200,250.0,4416,883,883,165,0.1868629671574179,0.6455266138165345,GSM5702474,GSM5702474_TD2,IAC,10,0.8,1.25
0.29132075471698116,0.3005207547169811,0.01100716455725175,-0.00919999999999993,0.8109452736318408,0.208955223880597,200,150.0,4416,1325,1325,386,0.29132075471698116,0.29132075471698116,GSM5702474,GSM5702474_TD2,IAC,20,0.7,0.75
0.6535849056603774,0.6745471698113207,0.013328047465836766,-0.020962264150943266,0.9502487562189055,0.06467661691542288,200,200.0,4416,1325,1325,386,0.29132075471698116,0.6052830188679246,GSM5702474,GSM5702474_TD2,IAC,20,0.7,1.0
0.8709433962264151,0.9149584905660378,0.00914365420758125,-0.044015094339622696,1.0,0.004975124378109453,200,250.0,4416,1325,1325,386,0.29132075471698116,0.7984905660377358,GSM5702474,GSM5702474_TD2,IAC,20,0.7,1.25
0.24094202898550723,0.24903532608695653,0.011625807779920989,-0.008093297101449293,0.7512437810945274,0.263681592039801,200,150.0,4416,1104,1104,266,0.24094202898550723,0.24094202898550723,GSM5702474,GSM5702474_TD2,IAC,20,0.75,0.75
0.572463768115942,0.5979076086956522,0.015381858195670636,-0.025443840579710164,0.9651741293532339,0.04975124378109453,200,200.0,4416,1104,1104,266,0.24094202898550723,0.5226449275362319,GSM5702474,GSM5702474_TD2,IAC,20,0.75,1.0
0.8278985507246377,0.8628985507246376,0.012684748287899684,-0.03499999999999992,0.9950248756218906,0.009950248756218905,200,250.0,4416,1104,1104,266,0.24094202898550723,0.7128623188405797,GSM5702474,GSM5702474_TD2,IAC,20,0.75,1.25
0.17893544733861835,0.1999660249150623,0.01332785936225509,-0.021030577576443943,0.9502487562189055,0.05970149253731343,200,150.0,4416,883,883,158,0.17893544733861835,0.17893544733861835,GSM5702474,GSM5702474_TD2,IAC,20,0.8,0.75
0.48357870894677235,0.5103963759909399,0.018625800361664738,-0.026817667044167548,0.9203980099502488,0.0945273631840796,200,200.0,4416,883,883,158,0.17893544733861835,0.4405436013590034,GSM5702474,GSM5702474_TD2,IAC,20,0.8,1.0
0.7508493771234428,0.7870498301245752,0.01690191565381884,-0.03620045300113239,0.9701492537313433,0.03980099502487562,200,250.0,4416,883,883,158,0.17893544733861835,0.6251415628539071,GSM5702474,GSM5702474_TD2,IAC,20,0.8,1.25
0.36150943396226415,0.3000641509433962,0.010600730674804692,0.061445283018867924,0.004975124378109453,1.0,200,150.0,4416,1325,1325,479,0.36150943396226415,0.36150943396226415,GSM5702474,GSM5702474_TD2,IAC,30,0.7,0.75
0.6852830188679245,0.6748226415094339,0.012372158833085886,0.010460377358490591,0.21890547263681592,0.8159203980099502,200,200.0,4416,1325,1325,479,0.36150943396226415,0.6498113207547169,GSM5702474,GSM5702474_TD2,IAC,30,0.7,1.0
0.8973584905660378,0.9146905660377359,0.008798957573126716,-0.017332075471698127,0.9701492537313433,0.03482587064676617,200,250.0,4416,1325,1325,479,0.36150943396226415,0.8279245283018868,GSM5702474,GSM5702474_TD2,IAC,30,0.7,1.25
0.3088768115942029,0.2494701086956522,0.010971981534937766,0.059406702898550684,0.004975124378109453,1.0,200,150.0,4416,1104,1104,341,0.3088768115942029,0.3088768115942029,GSM5702474,GSM5702474_TD2,IAC,30,0.75,0.75
0.6096014492753623,0.5967798913043478,0.015651003454631725,0.012821557971014474,0.21890547263681592,0.8009950248756219,200,200.0,4416,1104,1104,341,0.3088768115942029,0.5833333333333334,GSM5702474,GSM5702474_TD2,IAC,30,0.75,1.0
0.8387681159420289,0.8619112318840579,0.012866988338993843,-0.023143115942029002,0.9651741293532339,0.05472636815920398,200,250.0,4416,1104,1104,341,0.3088768115942029,0.7663043478260869,GSM5702474,GSM5702474_TD2,IAC,30,0.75,1.25
0.24122310305775765,0.19977916194790488,0.011922794390711451,0.04144394110985278,0.004975124378109453,1.0,200,150.0,4416,883,883,213,0.24122310305775765,0.24122310305775765,GSM5702474,GSM5702474_TD2,IAC,30,0.8,0.75
0.522083805209513,0.5094960362400905,0.017527449713016573,0.012587768969422486,0.24378109452736318,0.7810945273631841,200,200.0,4416,883,883,213,0.24122310305775765,0.5152887882219706,GSM5702474,GSM5702474_TD2,IAC,30,0.8,1.0
0.7519818799546999,0.7845300113250283,0.017379395219335958,-0.032548131370328415,0.9502487562189055,0.05970149253731343,200,250.0,4416,883,883,213,0.24122310305775765,0.7044167610419027,GSM5702474,GSM5702474_TD2,IAC,30,0.8,1.25
0.3567251461988304,0.30239766081871344,0.018339721484096686,0.05432748538011695,0.004975124378109453,1.0,200,150.0,1140,342,342,122,0.3567251461988304,0.3567251461988304,GSM5702475,GSM5702475_TD3,MIA,10,0.7,0.75
0.6432748538011696,0.6006432748538012,0.027676262300563477,0.042631578947368354,0.06467661691542288,0.9502487562189055,200,200.0,1140,342,342,122,0.3567251461988304,0.5877192982456141,GSM5702475,GSM5702475_TD3,MIA,10,0.7,1.0
0.8713450292397661,0.8976315789473683,0.02065690603167831,-0.026286549707602247,0.8905472636815921,0.13432835820895522,200,250.0,1140,342,342,122,0.3567251461988304,0.847953216374269,GSM5702475,GSM5702475_TD3,MIA,10,0.7,1.25
0.30526315789473685,0.25182456140350873,0.02203112633559598,0.05343859649122812,0.014925373134328358,0.9950248756218906,200,150.0,1140,285,285,87,0.30526315789473685,0.30526315789473685,GSM5702475,GSM5702475_TD3,MIA,10,0.75,0.75
0.5333333333333333,0.5251754385964912,0.033885673757910614,0.008157894736842142,0.39303482587064675,0.6417910447761194,200,200.0,1140,285,285,87,0.30526315789473685,0.5087719298245614,GSM5702475,GSM5702475_TD3,MIA,10,0.75,1.0
0.8245614035087719,0.8392631578947369,0.026004839550909525,-0.014701754385964994,0.7164179104477612,0.32338308457711445,200,250.0,1140,285,285,87,0.30526315789473685,0.7719298245614035,GSM5702475,GSM5702475_TD3,MIA,10,0.75,1.25
0.2675438596491228,0.20076754385964912,0.023330634931424735,0.06677631578947368,0.004975124378109453,1.0,200,150.0,1140,228,228,61,0.2675438596491228,0.2675438596491228,GSM5702475,GSM5702475_TD3,MIA,10,0.8,0.75
0.4517543859649123,0.43412280701754385,0.03314674690752699,0.017631578947368443,0.34328358208955223,0.7164179104477612,200,200.0,1140,228,228,61,0.2675438596491228,0.44298245614035087,GSM5702475,GSM5702475_TD3,MIA,10,0.8,1.0
0.7456140350877193,0.7616228070175438,0.0329178707333351,-0.016008771929824528,0.7114427860696517,0.3383084577114428,200,250.0,1140,228,228,61,0.2675438596491228,0.7017543859649122,GSM5702475,GSM5702475_TD3,MIA,10,0.8,1.25
0.31871345029239767,0.3004970760233918,0.019285974992141464,0.018216374269005853,0.19402985074626866,0.8308457711442786,200,150.0,1140,342,342,109,0.31871345029239767,0.31871345029239767,GSM5702475,GSM5702475_TD3,MIA,20,0.7,0.75
0.5614035087719298,0.6021783625730994,0.026518588495090537,-0.04077485380116963,0.9552238805970149,0.07462686567164178,200,200.0,1140,342,342,109,0.31871345029239767,0.5555555555555556,GSM5702475,GSM5702475_TD3,MIA,20,0.7,1.0
0.8391812865497076,0.8999269005847954,0.020332921218094307,-0.060745614035087825,1.0,0.009950248756218905,200,250.0,1140,342,342,109,0.31871345029239767,0.7953216374269005,GSM5702475,GSM5702475_TD3,MIA,20,0.7,1.25
0.2631578947368421,0.25133333333333335,0.021750205068151833,0.011824561403508738,0.3034825870646766,0.746268656716418,200,150.0,1140,285,285,75,0.2631578947368421,0.2631578947368421,GSM5702475,GSM5702475_TD3,MIA,20,0.75,0.75
0.49473684210526314,0.524859649122807,0.029702760659425856,-0.030122807017543884,0.8407960199004975,0.17412935323383086,200,200.0,1140,285,285,75,0.2631578947368421,0.4807017543859649,GSM5702475,GSM5702475_TD3,MIA,20,0.75,1.0
0.7894736842105263,0.8382456140350877,0.02682368615952493,-0.048771929824561355,0.945273631840796,0.06467661691542288,200,250.0,1140,285,285,75,0.2631578947368421,0.7368421052631579,GSM5702475,GSM5702475_TD3,MIA,20,0.75,1.25
0.20614035087719298,0.19991228070175437,0.023887170316619778,0.00622807017543861,0.4228855721393035,0.6318407960199005,200,150.0,1140,228,228,47,0.20614035087719298,0.20614035087719298,GSM5702475,GSM5702475_TD3,MIA,20,0.8,0.75
0.40789473684210525,0.4360526315789474,0.03541775926868411,-0.02815789473684216,0.7810945273631841,0.25870646766169153,200,200.0,1140,228,228,47,0.20614035087719298,0.39035087719298245,GSM5702475,GSM5702475_TD3,MIA,20,0.8,1.0
0.7017543859649122,0.757609649122807,0.03452526106634904,-0.0558552631578948,0.9502487562189055,0.06467661691542288,200,250.0,1140,228,228,47,0.20614035087719298,0.6447368421052632,GSM5702475,GSM5702475_TD3,MIA,20,0.8,1.25
0.41812865497076024,0.30111111111111116,0.02106258805054706,0.11701754385964908,0.004975124378109453,1.0,200,150.0,1140,342,342,143,0.41812865497076024,0.41812865497076024,GSM5702475,GSM5702475_TD3,MIA,30,0.7,0.75
0.7105263157894737,0.5956140350877193,0.02553778589106164,0.11491228070175441,0.004975124378109453,1.0,200,200.0,1140,342,342,143,0.41812865497076024,0.6637426900584795,GSM5702475,GSM5702475_TD3,MIA,30,0.7,1.0
0.9298245614035088,0.8996198830409357,0.021034318148684762,0.030204678362573123,0.06965174129353234,0.945273631840796,200,250.0,1140,342,342,143,0.41812865497076024,0.8625730994152047,GSM5702475,GSM5702475_TD3,MIA,30,0.7,1.25
0.3649122807017544,0.24814035087719297,0.023641571225169376,0.11677192982456144,0.004975124378109453,1.0,200,150.0,1140,285,285,104,0.3649122807017544,0.3649122807017544,GSM5702475,GSM5702475_TD3,MIA,30,0.75,0.75
0.5964912280701754,0.5230350877192983,0.031428870416228716,0.07345614035087711,0.014925373134328358,0.9900497512437811,200,200.0,1140,285,285,104,0.3649122807017544,0.6070175438596491,GSM5702475,GSM5702475_TD3,MIA,30,0.75,1.0
0.8736842105263158,0.8417017543859648,0.025088924534980836,0.031982456140351,0.13432835820895522,0.8955223880597015,200,250.0,1140,285,285,104,0.3649122807017544,0.8105263157894737,GSM5702475,GSM5702475_TD3,MIA,30,0.75,1.25
0.3201754385964912,0.19826754385964912,0.024893604480961156,0.1219078947368421,0.004975124378109453,1.0,200,150.0,1140,228,228,73,0.3201754385964912,0.3201754385964912,GSM5702475,GSM5702475_TD3,MIA,30,0.8,0.75
0.5087719298245614,0.4327192982456141,0.034122422306461016,0.07605263157894732,0.01990049751243781,0.9850746268656716,200,200.0,1140,228,228,73,0.3201754385964912,0.5175438596491229,GSM5702475,GSM5702475_TD3,MIA,30,0.8,1.0
0.8377192982456141,0.7599780701754386,0.03507652531260962,0.07774122807017547,0.01990049751243781,0.9850746268656716,200,250.0,1140,228,228,73,0.3201754385964912,0.7587719298245614,GSM5702475,GSM5702475_TD3,MIA,30,0.8,1.25
0.1411764705882353,0.2989313725490196,0.015808712107799928,-0.1577549019607843,1.0,0.004975124378109453,200,150.0018749882814,1700,510,510,72,0.1411764705882353,0.1411764705882353,GSM5702476,GSM5702476_TD5,AIS,10,0.7,0.75
0.3568627450980392,0.640421568627451,0.02237424286608709,-0.2835588235294118,1.0,0.004975124378109453,200,200.0024999843752,1700,510,510,72,0.1411764705882353,0.34705882352941175,GSM5702476,GSM5702476_TD5,AIS,10,0.7,1.0
0.6039215686274509,0.8944705882352944,0.016054838509404555,-0.2905490196078434,1.0,0.004975124378109453,200,250.00312498046898,1700,510,510,72,0.1411764705882353,0.4823529411764706,GSM5702476,GSM5702476_TD5,AIS,10,0.7,1.25
0.08941176470588236,0.24883529411764704,0.017734531459633985,-0.1594235294117647,1.0,0.004975124378109453,200,150.0018749882814,1700,425,425,38,0.08941176470588236,0.08941176470588236,GSM5702476,GSM5702476_TD5,AIS,10,0.75,0.75
0.25176470588235295,0.5654470588235294,0.024923052104326805,-0.31368235294117647,1.0,0.004975124378109453,200,200.0024999843752,1700,425,425,38,0.08941176470588236,0.2564705882352941,GSM5702476,GSM5702476_TD5,AIS,10,0.75,1.0
0.43058823529411766,0.8435176470588235,0.023437001506003828,-0.4129294117647058,1.0,0.004975124378109453,200,250.00312498046898,1700,425,425,38,0.08941176470588236,0.3835294117647059,GSM5702476,GSM5702476_TD5,AIS,10,0.75,1.25
0.052941176470588235,0.20025,0.02049571182457224,-0.14730882352941177,1.0,0.004975124378109453,200,150.0018749882814,1700,340,340,18,0.052941176470588235,0.052941176470588235,GSM5702476,GSM5702476_TD5,AIS,10,0.8,0.75
0.16176470588235295,0.47769117647058823,0.030951813696248404,-0.3159264705882353,1.0,0.004975124378109453,200,200.0024999843752,1700,340,340,18,0.052941176470588235,0.18823529411764706,GSM5702476,GSM5702476_TD5,AIS,10,0.8,1.0
0.27058823529411763,0.7684705882352941,0.02907606229204255,-0.4978823529411765,1.0,0.004975124378109453,200,250.00312498046898,1700,340,340,18,0.052941176470588235,0.2911764705882353,GSM5702476,GSM5702476_TD5,AIS,10,0.8,1.25
0.11764705882352941,0.3001470588235293,0.017439399053861153,-0.1824999999999999,1.0,0.004975124378109453,200,150.0018749882814,1700,510,510,60,0.11764705882352941,0.11764705882352941,GSM5702476,GSM5702476_TD5,AIS,20,0.7,0.75
0.3176470588235294,0.6386862745098039,0.023117481626639843,-0.32103921568627447,1.0,0.004975124378109453,200,200.0024999843752,1700,510,510,60,0.11764705882352941,0.3176470588235294,GSM5702476,GSM5702476_TD5,AIS,20,0.7,1.0
0.49411764705882355,0.8993529411764709,0.017918247774024974,-0.40523529411764736,1.0,0.004975124378109453,200,250.00312498046898,1700,510,510,60,0.11764705882352941,0.4568627450980392,GSM5702476,GSM5702476_TD5,AIS,20,0.7,1.25
0.06588235294117648,0.24938823529411763,0.018823514631977643,-0.18350588235294116,1.0,0.004975124378109453,200,150.0018749882814,1700,425,425,28,0.06588235294117648,0.06588235294117648,GSM5702476,GSM5702476_TD5,AIS,20,0.75,0.75
0.20941176470588235,0.5633058823529411,0.02337650285529461,-0.35389411764705875,1.0,0.004975124378109453,200,200.0024999843752,1700,425,425,28,0.06588235294117648,0.2376470588235294,GSM5702476,GSM5702476_TD5,AIS,20,0.75,1.0
0.32,0.8439647058823531,0.022410992342324586,-0.5239647058823531,1.0,0.004975124378109453,200,250.00312498046898,1700,425,425,28,0.06588235294117648,0.36,GSM5702476,GSM5702476_TD5,AIS,20,0.75,1.25
0.029411764705882353,0.19982352941176473,0.021016904660567003,-0.17041176470588237,1.0,0.004975124378109453,200,150.0018749882814,1700,340,340,10,0.029411764705882353,0.029411764705882353,GSM5702476,GSM5702476_TD5,AIS,20,0.8,0.75
0.13529411764705881,0.4753529411764707,0.027199636179698724,-0.34005882352941186,1.0,0.004975124378109453,200,200.0024999843752,1700,340,340,10,0.029411764705882353,0.15294117647058825,GSM5702476,GSM5702476_TD5,AIS,20,0.8,1.0
0.2088235294117647,0.7671617647058824,0.02720797341190262,-0.5583382352941176,1.0,0.004975124378109453,200,250.00312498046898,1700,340,340,10,0.029411764705882353,0.2676470588235294,GSM5702476,GSM5702476_TD5,AIS,20,0.8,1.25
0.19607843137254902,0.29948039215686273,0.016674318518436825,-0.10340196078431371,1.0,0.004975124378109453,200,150.0018749882814,1700,510,510,100,0.19607843137254902,0.19607843137254902,GSM5702476,GSM5702476_TD5,AIS,30,0.7,0.75
0.40980392156862744,0.6413039215686274,0.023563936227453026,-0.23149999999999993,1.0,0.004975124378109453,200,200.0024999843752,1700,510,510,100,0.19607843137254902,0.39019607843137255,GSM5702476,GSM5702476_TD5,AIS,30,0.7,1.0
0.6392156862745098,0.8980294117647061,0.016862146448985836,-0.2588137254901963,1.0,0.004975124378109453,200,250.00312498046898,1700,510,510,100,0.19607843137254902,0.5333333333333333,GSM5702476,GSM5702476_TD5,AIS,30,0.7,1.25
0.12,0.2498,0.0172643937919875,-0.1298,1.0,0.004975124378109453,200,150.0018749882814,1700,425,425,51,0.12,0.12,GSM5702476,GSM5702476_TD5,AIS,30,0.75,0.75
0.2776470588235294,0.5624823529411764,0.024562819320894456,-0.284835294117647,1.0,0.004975124378109453,200,200.0024999843752,1700,425,425,51,0.12,0.28,GSM5702476,GSM5702476_TD5,AIS,30,0.75,1.0
0.46352941176470586,0.8458470588235295,0.022341864486441227,-0.38231764705882365,1.0,0.004975124378109453,200,250.00312498046898,1700,425,425,51,0.12,0.43529411764705883,GSM5702476,GSM5702476_TD5,AIS,30,0.75,1.25
0.07352941176470588,0.2021470588235294,0.018584589569030648,-0.1286176470588235,1.0,0.004975124378109453,200,150.0018749882814,1700,340,340,25,0.07352941176470588,0.07352941176470588,GSM5702476,GSM5702476_TD5,AIS,30,0.8,0.75
0.19411764705882353,0.4786911764705883,0.028046183969586025,-0.2845735294117647,1.0,0.004975124378109453,200,200.0024999843752,1700,340,340,25,0.07352941176470588,0.19705882352941176,GSM5702476,GSM5702476_TD5,AIS,30,0.8,1.0
0.31470588235294117,0.7632794117647059,0.029272471664162667,-0.44857352941176476,1.0,0.004975124378109453,200,250.00312498046898,1700,340,340,25,0.07352941176470588,0.3411764705882353,GSM5702476,GSM5702476_TD5,AIS,30,0.8,1.25
0.30434782608695654,0.30092071611253196,0.011445655069725242,0.0034271099744245803,0.4129353233830846,0.6119402985074627,200,150.0,3911,1173,1173,357,0.30434782608695654,0.30434782608695654,GSM5702477,GSM5702477_TD6,MIA,10,0.7,0.75
0.6027280477408354,0.6541005967604434,0.013648868223491886,-0.05137254901960797,1.0,0.004975124378109453,200,200.0,3911,1173,1173,357,0.30434782608695654,0.5899403239556692,GSM5702477,GSM5702477_TD6,MIA,10,0.7,1.0
0.8439897698209718,0.90730179028133,0.01023177736874553,-0.06331202046035811,1.0,0.004975124378109453,200,250.0,3911,1173,1173,357,0.30434782608695654,0.8073316283034954,GSM5702477,GSM5702477_TD6,MIA,10,0.7,1.25
0.2658486707566462,0.2519887525562372,0.011729981845811576,0.013859918200408994,0.11940298507462686,0.9154228855721394,200,150.0,3911,978,978,260,0.2658486707566462,0.2658486707566462,GSM5702477,GSM5702477_TD6,MIA,10,0.75,0.75
0.5378323108384458,0.5775613496932516,0.016806744741501633,-0.03972903885480572,0.9900497512437811,0.014925373134328358,200,200.0,3911,978,978,260,0.2658486707566462,0.5306748466257669,GSM5702477,GSM5702477_TD6,MIA,10,0.75,1.0
0.7862985685071575,0.8544171779141103,0.013768500615581901,-0.0681186094069528,1.0,0.004975124378109453,200,250.0,3911,978,978,260,0.2658486707566462,0.7464212678936605,GSM5702477,GSM5702477_TD6,MIA,10,0.75,1.25
0.20588235294117646,0.20016624040920716,0.011519948878336609,0.005716112531969297,0.3283582089552239,0.7164179104477612,200,150.0,3911,782,782,161,0.20588235294117646,0.20588235294117646,GSM5702477,GSM5702477_TD6,MIA,10,0.8,0.75
0.4219948849104859,0.4887404092071611,0.02043532052710378,-0.06674552429667518,1.0,0.004975124378109453,200,200.0,3911,782,782,161,0.20588235294117646,0.41048593350383633,GSM5702477,GSM5702477_TD6,MIA,10,0.8,1.0
0.6636828644501279,0.7743478260869565,0.018277943201762077,-0.1106649616368286,1.0,0.004975124378109453,200,250.0,3911,782,782,161,0.20588235294117646,0.6253196930946292,GSM5702477,GSM5702477_TD6,MIA,10,0.8,1.25
0.2855924978687127,0.30162830349531117,0.011368632954174441,-0.016035805626598454,0.9203980099502488,0.1044776119402985,200,150.0,3911,1173,1173,335,0.2855924978687127,0.2855924978687127,GSM5702477,GSM5702477_TD6,MIA,20,0.7,0.75
0.587382779198636,0.6578644501278772,0.012937765109002342,-0.07048167092924118,1.0,0.004975124378109453,200,200.0,3911,1173,1173,335,0.2855924978687127,0.5609548167092924,GSM5702477,GSM5702477_TD6,MIA,20,0.7,1.0
0.8482523444160273,0.9089812446717818,0.01105876920061825,-0.0607289002557545,1.0,0.004975124378109453,200,250.0,3911,1173,1173,335,0.2855924978687127,0.7681159420289855,GSM5702477,GSM5702477_TD6,MIA,20,0.7,1.25
0.2280163599182004,0.24939672801635993,0.011541469401941746,-0.02138036809815952,0.9701492537313433,0.03482587064676617,200,150.0,3911,978,978,223,0.2280163599182004,0.2280163599182004,GSM5702477,GSM5702477_TD6,MIA,20,0.75,0.75
0.5030674846625767,0.5795143149284254,0.017356847783435363,-0.07644683026584875,1.0,0.004975124378109453,200,200.0,3911,978,978,223,0.2280163599182004,0.48057259713701433,GSM5702477,GSM5702477_TD6,MIA,20,0.75,1.0
0.7740286298568507,0.8568660531697341,0.015231201573510175,-0.08283742331288335,1.0,0.004975124378109453,200,250.0,3911,978,978,223,0.2280163599182004,0.6901840490797546,GSM5702477,GSM5702477_TD6,MIA,20,0.75,1.25
0.1585677749360614,0.19899616368286444,0.012421120854440753,-0.040428388746803046,1.0,0.004975124378109453,200,150.0,3911,782,782,124,0.1585677749360614,0.1585677749360614,GSM5702477,GSM5702477_TD6,MIA,20,0.8,0.75
0.3989769820971867,0.4904092071611253,0.01791474330916269,-0.09143222506393861,1.0,0.004975124378109453,200,200.0,3911,782,782,124,0.1585677749360614,0.38235294117647056,GSM5702477,GSM5702477_TD6,MIA,20,0.8,1.0
0.6355498721227621,0.7750319693094628,0.019406224227643997,-0.13948209718670068,1.0,0.004975124378109453,200,250.0,3911,782,782,124,0.1585677749360614,0.5831202046035806,GSM5702477,GSM5702477_TD6,MIA,20,0.8,1.25
0.3742540494458653,0.3009761295822677,0.010839393841246343,0.07327791986359761,0.004975124378109453,1.0,200,150.0,3911,1173,1173,439,0.3742540494458653,0.3742540494458653,GSM5702477,GSM5702477_TD6,MIA,30,0.7,0.75
0.7016197783461211,0.6564279624893437,0.014431511786269656,0.04519181585677745,0.004975124378109453,1.0,200,200.0,3911,1173,1173,439,0.3742540494458653,0.6410912190963342,GSM5702477,GSM5702477_TD6,MIA,30,0.7,1.0
0.9121909633418585,0.9067604433077578,0.010385125095306083,0.0054305200341006055,0.29850746268656714,0.7114427860696517,200,250.0,3911,1173,1173,439,0.3742540494458653,0.8124467178175618,GSM5702477,GSM5702477_TD6,MIA,30,0.7,1.25
0.32515337423312884,0.24961656441717792,0.012012442631895742,0.07553680981595093,0.004975124378109453,1.0,200,150.0,3911,978,978,318,0.32515337423312884,0.32515337423312884,GSM5702477,GSM5702477_TD6,MIA,30,0.75,0.75
0.6186094069529653,0.5793302658486708,0.017065115047882877,0.039279141104294535,0.01990049751243781,0.9900497512437811,200,200.0,3911,978,978,318,0.32515337423312884,0.5521472392638037,GSM5702477,GSM5702477_TD6,MIA,30,0.75,1.0
0.8629856850715747,0.8522597137014316,0.012869306036071993,0.010725971370143084,0.20398009950248755,0.8159203980099502,200,250.0,3911,978,978,318,0.32515337423312884,0.7423312883435583,GSM5702477,GSM5702477_TD6,MIA,30,0.75,1.25
0.2608695652173913,0.20113810741687982,0.01335636929538503,0.05973145780051148,0.004975124378109453,1.0,200,150.0,3911,782,782,204,0.2608695652173913,0.2608695652173913,GSM5702477,GSM5702477_TD6,MIA,30,0.8,0.75
0.5242966751918159,0.48923273657289,0.018581372171240874,0.03506393861892587,0.029850746268656716,0.9850746268656716,200,200.0,3911,782,782,204,0.2608695652173913,0.4731457800511509,GSM5702477,GSM5702477_TD6,MIA,30,0.8,1.0
0.7966751918158568,0.7749872122762147,0.01929279282509118,0.021687979539642077,0.13432835820895522,0.8855721393034826,200,250.0,3911,782,782,204,0.2608695652173913,0.6572890025575447,GSM5702477,GSM5702477_TD6,MIA,30,0.8,1.25
0.32765151515151514,0.2997916666666667,0.015151027382890281,0.02785984848484846,0.04975124378109453,0.9751243781094527,200,150.0018749882814,1760,528,528,173,0.32765151515151514,0.32765151515151514,GSM5702478,GSM5702478_TD8,AIS,10,0.7,0.75
0.6590909090909091,0.643532196969697,0.021138572536994145,0.01555871212121207,0.2537313432835821,0.7810945273631841,200,200.0024999843752,1760,528,528,173,0.32765151515151514,0.5473484848484849,GSM5702478,GSM5702478_TD8,AIS,10,0.7,1.0
0.8958333333333334,0.9112026515151516,0.015405376601278662,-0.015369318181818192,0.8805970149253731,0.15920398009950248,200,250.00312498046898,1760,528,528,173,0.32765151515151514,0.7102272727272727,GSM5702478,GSM5702478_TD8,AIS,10,0.7,1.25
0.25681818181818183,0.250625,0.018518380925968504,0.006193181818181848,0.3880597014925373,0.6616915422885572,200,150.0018749882814,1760,440,440,113,0.25681818181818183,0.25681818181818183,GSM5702478,GSM5702478_TD8,AIS,10,0.75,0.75
0.5931818181818181,0.5668522727272728,0.02486964801971026,0.026329545454545356,0.1691542288557214,0.8557213930348259,200,200.0024999843752,1760,440,440,113,0.25681818181818183,0.47954545454545455,GSM5702478,GSM5702478_TD8,AIS,10,0.75,1.0
0.8363636363636363,0.8580681818181819,0.021137585497429858,-0.021704545454545587,0.8905472636815921,0.13930348258706468,200,250.00312498046898,1760,440,440,113,0.25681818181818183,0.6477272727272727,GSM5702478,GSM5702478_TD8,AIS,10,0.75,1.25
0.19602272727272727,0.19941761363636362,0.019507912440120248,-0.003394886363636357,0.5422885572139303,0.4975124378109453,200,150.0018749882814,1760,352,352,69,0.19602272727272727,0.19602272727272727,GSM5702478,GSM5702478_TD8,AIS,10,0.8,0.75
0.4914772727272727,0.4775142045454545,0.027815838455842307,0.013963068181818195,0.2885572139303483,0.7313432835820896,200,200.0024999843752,1760,352,352,69,0.19602272727272727,0.40625,GSM5702478,GSM5702478_TD8,AIS,10,0.8,1.0
0.7443181818181818,0.7804971590909091,0.02880812368136106,-0.03617897727272734,0.8955223880597015,0.12935323383084577,200,250.00312498046898,1760,352,352,69,0.19602272727272727,0.5767045454545454,GSM5702478,GSM5702478_TD8,AIS,10,0.8,1.25
0.25946969696969696,0.2990814393939394,0.01711539790570074,-0.039611742424242424,0.9850746268656716,0.01990049751243781,200,150.0018749882814,1760,528,528,137,0.25946969696969696,0.25946969696969696,GSM5702478,GSM5702478_TD8,AIS,20,0.7,0.75
0.6041666666666666,0.6418276515151515,0.02204542372055467,-0.0376609848484849,0.9402985074626866,0.06965174129353234,200,200.0024999843752,1760,528,528,137,0.25946969696969696,0.49242424242424243,GSM5702478,GSM5702478_TD8,AIS,20,0.7,1.0
0.8674242424242424,0.9073863636363636,0.015723646719423334,-0.03996212121212117,0.9900497512437811,0.014925373134328358,200,250.00312498046898,1760,528,528,137,0.25946969696969696,0.6477272727272727,GSM5702478,GSM5702478_TD8,AIS,20,0.7,1.25
0.2,0.2516818181818182,0.016986520625736214,-0.05168181818181816,1.0,0.004975124378109453,200,150.0018749882814,1760,440,440,88,0.2,0.2,GSM5702478,GSM5702478_TD8,AIS,20,0.75,0.75
0.4818181818181818,0.5667159090909091,0.024301250280378255,-0.08489772727272726,1.0,0.004975124378109453,200,200.0024999843752,1760,440,440,88,0.2,0.4,GSM5702478,GSM5702478_TD8,AIS,20,0.75,1.0
0.7795454545454545,0.8578068181818181,0.02167454228478928,-0.0782613636363636,1.0,0.004975124378109453,200,250.00312498046898,1760,440,440,88,0.2,0.5795454545454546,GSM5702478,GSM5702478_TD8,AIS,20,0.75,1.25
0.13636363636363635,0.19765625,0.02033394998206971,-0.06129261363636365,1.0,0.004975124378109453,200,150.0018749882814,1760,352,352,48,0.13636363636363635,0.13636363636363635,GSM5702478,GSM5702478_TD8,AIS,20,0.8,0.75
0.35795454545454547,0.48048295454545453,0.028530618890662555,-0.12252840909090906,1.0,0.004975124378109453,200,200.0024999843752,1760,352,352,48,0.13636363636363635,0.29829545454545453,GSM5702478,GSM5702478_TD8,AIS,20,0.8,1.0
0.6363636363636364,0.7788636363636365,0.029603763578567137,-0.14250000000000018,1.0,0.004975124378109453,200,250.00312498046898,1760,352,352,48,0.13636363636363635,0.45454545454545453,GSM5702478,GSM5702478_TD8,AIS,20,0.8,1.25
0.3446969696969697,0.30034090909090905,0.015615931434923994,0.04435606060606068,0.004975124378109453,1.0,200,150.0018749882814,1760,528,528,182,0.3446969696969697,0.3446969696969697,GSM5702478,GSM5702478_TD8,AIS,30,0.7,0.75
0.6666666666666666,0.643939393939394,0.020977755020117558,0.022727272727272596,0.16417910447761194,0.8507462686567164,200,200.0024999843752,1760,528,528,182,0.3446969696969697,0.5492424242424242,GSM5702478,GSM5702478_TD8,AIS,30,0.7,1.0
0.884469696969697,0.9092234848484847,0.015574495521740724,-0.02475378787878768,0.9552238805970149,0.05970149253731343,200,250.00312498046898,1760,528,528,182,0.3446969696969697,0.7045454545454546,GSM5702478,GSM5702478_TD8,AIS,30,0.7,1.25
0.29318181818181815,0.2505568181818182,0.018643489790658854,0.04262499999999997,0.009950248756218905,0.9950248756218906,200,150.0018749882814,1760,440,440,129,0.29318181818181815,0.29318181818181815,GSM5702478,GSM5702478_TD8,AIS,30,0.75,0.75
0.5659090909090909,0.5690227272727273,0.024880116646177973,-0.003113636363636374,0.5323383084577115,0.4925373134328358,200,200.0024999843752,1760,440,440,129,0.29318181818181815,0.4659090909090909,GSM5702478,GSM5702478_TD8,AIS,30,0.75,1.0
0.8204545454545454,0.8557613636363637,0.023683490351488264,-0.035306818181818245,0.9303482587064676,0.07960199004975124,200,250.00312498046898,1760,440,440,129,0.29318181818181815,0.6272727272727273,GSM5702478,GSM5702478_TD8,AIS,30,0.75,1.25
0.21875,0.19967329545454546,0.020155534707122454,0.019076704545454543,0.21393034825870647,0.8407960199004975,200,150.0018749882814,1760,352,352,77,0.21875,0.21875,GSM5702478,GSM5702478_TD8,AIS,30,0.8,0.75
0.4630681818181818,0.4796875,0.02676814944776272,-0.016619318181818166,0.7512437810945274,0.27860696517412936,200,200.0024999843752,1760,352,352,77,0.21875,0.38636363636363635,GSM5702478,GSM5702478_TD8,AIS,30,0.8,1.0
0.7215909090909091,0.77546875,0.030539651547668262,-0.05387784090909098,0.9601990049751243,0.04975124378109453,200,250.00312498046898,1760,352,352,77,0.21875,0.5284090909090909,GSM5702478,GSM5702478_TD8,AIS,30,0.8,1.25
