contrast,gene,group_sum,background_sum,group_detected,background_detected,n_group,n_background,mean_group,mean_background,pct_group,pct_background,log2fc,delta_pct,marker_score
epithelial_progenitor_like_vs_other_epithelial,KRT7,13570,30432,1427,5666,1840,11006,7.375,2.7650372524077778,0.7755434782608696,0.5148101035798656,1.4153438056870575,0.260733374681004,0.3690273667906417
epithelial_progenitor_like_vs_other_epithelial,TACSTD2,18566,50685,1757,7267,1840,11006,10.090217391304348,4.60521533708886,0.9548913043478261,0.660276212974741,1.13161656444625,0.29461509137308506,0.3333913175336285
epithelial_progenitor_like_vs_other_epithelial,CLDN3,6400,15445,1233,4603,1840,11006,3.4782608695652173,1.4033254588406323,0.6701086956521739,0.4182264219516627,1.30951588836535,0.2518822737005112,0.3298438394084091
epithelial_progenitor_like_vs_other_epithelial,KRT19,20194,50051,1769,7795,1840,11006,10.975,4.547610394330365,0.9614130434782608,0.7082500454297656,1.2710401887892901,0.2531629980484953,0.3217803448340221
epithelial_progenitor_like_vs_other_epithelial,KRT8,14041,37574,1764,7630,1840,11006,7.630978260869565,3.413956023986916,0.9586956521739131,0.6932582227875704,1.1604233083424143,0.2654374293863426,0.30801977996640567
epithelial_progenitor_like_vs_other_epithelial,CLDN4,15715,44146,1754,7777,1840,11006,8.540760869565217,4.011084862802108,0.9532608695652174,0.7066145738687989,1.0903719203086641,0.2466462956964185,0.2689361950755224
epithelial_progenitor_like_vs_other_epithelial,GDF15,10517,27270,1260,5164,1840,11006,5.715760869565218,2.4777394148646192,0.6847826086956522,0.4691986189351263,1.2059207632973792,0.2155839897605259,0.25997720948670777
epithelial_progenitor_like_vs_other_epithelial,TNFRSF12A,3017,7659,862,2850,1840,11006,1.6396739130434783,0.6958931491913501,0.46847826086956523,0.25894966381973467,1.2364700271157034,0.20952859704983057,0.25907583007571927
epithelial_progenitor_like_vs_other_epithelial,ANXA3,2643,6097,739,2368,1840,11006,1.436413043478261,0.5539705615119026,0.4016304347826087,0.21515536979829183,1.3745878414644201,0.18647506498431685,0.2563263570637296
epithelial_progenitor_like_vs_other_epithelial,CLDN7,4865,13939,1262,4905,1840,11006,2.6440217391304346,1.2664910049064146,0.6858695652173913,0.4456660003634381,1.0618966147147284,0.24020356485395317,0.25507135236082257
epithelial_progenitor_like_vs_other_epithelial,CRIP2,2733,7158,810,2569,1840,11006,1.4853260869565217,0.6503725240777758,0.44021739130434784,0.2334181355624205,1.191440231532197,0.20679925574192734,0.24638895314184794
epithelial_progenitor_like_vs_other_epithelial,EPCAM,6777,21796,1534,6251,1840,11006,3.6831521739130433,1.980374341268399,0.8336956521739131,0.5679629293112848,0.8951675061278781,0.2657327228626283,0.23787529882150954
epithelial_progenitor_like_vs_other_epithelial,CD24,7426,21144,1000,3664,1840,11006,4.035869565217391,1.921133926948937,0.5434782608695652,0.3329093221878975,1.0709210591063505,0.2105689386816677,0.22550271082787177
epithelial_progenitor_like_vs_other_epithelial,KRT18,17990,53298,1793,8317,1840,11006,9.777173913043478,4.842631292022533,0.9744565217391304,0.7556787206978012,1.013626201545932,0.21877780104132927,0.22175891145209425
epithelial_progenitor_like_vs_other_epithelial,TM4SF1,15653,41274,1341,5956,1840,11006,8.507065217391304,3.7501362892967474,0.7288043478260869,0.5411593676176631,1.1817182714088712,0.1876449802084238,0.22174350165045043
epithelial_progenitor_like_vs_other_epithelial,EMP2,10390,27178,1305,5806,1840,11006,5.646739130434782,2.469380337997456,0.7092391304347826,0.5275304379429402,1.1932685942614225,0.1817086924918424,0.21682727605482188
epithelial_progenitor_like_vs_other_epithelial,CAV2,3020,7773,823,2991,1840,11006,1.641304347826087,0.7062511357441396,0.4472826086956522,0.2717608577139742,1.2165884319396048,0.175521750981678,0.2135377317980934
epithelial_progenitor_like_vs_other_epithelial,ANXA2,14046,39959,1488,6766,1840,11006,7.633695652173913,3.63065600581501,0.808695652173913,0.6147555878611667,1.0721512150952113,0.19394006431274635,0.20793307560855442
epithelial_progenitor_like_vs_other_epithelial,MDK,3724,11144,888,3132,1840,11006,2.023913043478261,1.012538615300745,0.4826086956521739,0.2845720516082137,0.9991696653380217,0.1980366440439602,0.19787220735406863
epithelial_progenitor_like_vs_other_epithelial,SPINT1,2300,6881,929,3394,1840,11006,1.25,0.6252044339451208,0.5048913043478261,0.30837724877339634,0.9995270264186783,0.1965140555744298,0.19642110961778472
epithelial_progenitor_like_vs_other_epithelial,PERP,5447,16374,1163,4796,1840,11006,2.9603260869565218,1.4877339632927493,0.6320652173913044,0.4357623114664728,0.9926390518471675,0.19630290592483157,0.19485793041206853
epithelial_progenitor_like_vs_other_epithelial,IFT57,3958,12254,1012,3900,1840,11006,2.151086956521739,1.1133926948936943,0.55,0.35435217154279486,0.950102698372693,0.1956478284572052,0.1858855297479484
epithelial_progenitor_like_vs_other_epithelial,PLPP2,1804,5255,773,2655,1840,11006,0.9804347826086957,0.47746683627112485,0.4201086956521739,0.24123205524259494,1.0380195867174768,0.17887664040957896,0.18567745635136187
epithelial_progenitor_like_vs_other_epithelial,CST6,1186,3161,592,1796,1840,11006,0.6445652173913043,0.28720697801199346,0.3217391304347826,0.16318371797201525,1.1662327520893803,0.15855541246276733,0.18491251503511996
epithelial_progenitor_like_vs_other_epithelial,SOX4,15931,49976,1361,5969,1840,11006,8.658152173913043,4.540795929493004,0.7396739130434783,0.5423405415228058,0.9311138049601294,0.19733337152067254,0.18373982640222425
epithelial_progenitor_like_vs_other_epithelial,RND3,2311,6638,735,2499,1840,11006,1.2559782608695653,0.6031255678720698,0.39945652173913043,0.22705796838088316,1.0582799494072959,0.17239855335824728,0.18244593232585693
epithelial_progenitor_like_vs_other_epithelial,IFI27,18746,53908,1142,4933,1840,11006,10.18804347826087,4.898055606033073,0.6206521739130435,0.44821006723605306,1.0565958110571259,0.17244210667699045,0.18220160756477413
epithelial_progenitor_like_vs_other_epithelial,CYP4B1,5431,15891,964,3848,1840,11006,2.951630434782609,1.4438488097401418,0.5239130434782608,0.34962747592222426,1.0315919058690237,0.17428556755603658,0.17979158080059626
epithelial_progenitor_like_vs_other_epithelial,CTGF,9829,27345,1008,4238,1840,11006,5.341847826086957,2.4845538797019806,0.5478260869565217,0.3850626930765037,1.1043517394076565,0.16276339388001798,0.17974803714329138
epithelial_progenitor_like_vs_other_epithelial,RAB11FIP1,5000,15388,1144,4795,1840,11006,2.717391304347826,1.3981464655642377,0.6217391304347826,0.43567145193530804,0.9587063266872711,0.18606767849947453,0.17838426056945936
proliferating_epithelial_vs_other_epithelial,PCNA,4828,541,2615,448,2909,9937,1.6596768649020281,0.054442990842306534,0.8989343416981781,0.0450840293851263,4.929986615836297,0.8538503123130518,4.209470611630987
proliferating_epithelial_vs_other_epithelial,TOP2A,1670,49,546,47,2909,9937,0.5740804400137505,0.004931065713998189,0.1876933654176693,0.004729797725671732,6.862919581884575,0.18296356769199756,1.2556642514848741
proliferating_epithelial_vs_other_epithelial,PCLAF,2647,413,438,285,2909,9937,0.9099346854589206,0.041561839589413306,0.1505672052251633,0.028680688336520075,4.452398450564664,0.12188651688864321,0.5426873389397189
proliferating_epithelial_vs_other_epithelial,MKI67,485,11,195,10,2909,9937,0.16672396012375387,0.0011069739357955116,0.06703334479202475,0.0010063399416322834,7.233402350271582,0.06602700485039247,0.477599892066222
proliferating_epithelial_vs_other_epithelial,STMN1,8905,6270,1415,2814,2909,9937,3.06118941216913,0.6309751434034416,0.48642145067033343,0.28318405957532455,2.2784354217242657,0.20323739109500888,0.46306327088969607
proliferating_epithelial_vs_other_epithelial,CKS1B,5323,3905,1308,2467,2909,9937,1.8298384324510142,0.3929757472074067,0.44963905122035064,0.24826406360068431,2.2192012037120703,0.20137498761966632,0.4468916149230668
proliferating_epithelial_vs_other_epithelial,TUBB,8578,6559,1506,3205,2909,9937,2.9487796493640426,0.6600583677166146,0.517703678239945,0.3225319512931468,2.159450813053836,0.19517172694679819,0.4214637444403846
proliferating_epithelial_vs_other_epithelial,TK1,1602,561,467,407,2909,9937,0.5507047095221725,0.056455670725571096,0.1605362667583362,0.04095803562443393,3.2860656058640836,0.11957823113390229,0.39294191253918204
proliferating_epithelial_vs_other_epithelial,TYMS,1154,329,394,264,2909,9937,0.39669989687177726,0.03310858407970212,0.13544173255414232,0.026567374459092283,3.582730866243235,0.10887435809505004,0.3900675232895548
proliferating_epithelial_vs_other_epithelial,H2AFV,9961,10012,1919,4427,2909,9937,3.4242007562736334,1.0075475495622421,0.6596768649020281,0.44550669216061184,1.7649183509219752,0.2141701727414163,0.37799286809145505
proliferating_epithelial_vs_other_epithelial,UBE2T,1326,455,415,352,2909,9937,0.45582674458576833,0.0457884673442689,0.1426607081471296,0.03542316594545637,3.3154010511392364,0.10723754220167324,0.3555354601370157
proliferating_epithelial_vs_other_epithelial,DEK,7370,8005,1739,3813,2909,9937,2.5335166723960123,0.8055751232766428,0.5977999312478515,0.38371741974438967,1.6530490637254334,0.2140825115034618,0.35388889520078687
proliferating_epithelial_vs_other_epithelial,NUCKS1,11605,13959,2154,5023,2909,9937,3.9893434169817805,1.4047499245245043,0.7404606393949811,0.505484552681896,1.5058373329691888,0.23497608671308512,0.3538357637275689
proliferating_epithelial_vs_other_epithelial,UBE2C,2218,301,264,148,2909,9937,0.7624613269164662,0.03029083224313173,0.09075283602612581,0.014893831136157795,4.653665306823812,0.07585900488996802,0.3530224192666221
proliferating_epithelial_vs_other_epithelial,RANBP1,5113,5984,1643,3404,2909,9937,1.7576486765211412,0.6021938210727584,0.5647988999656239,0.3425581161316293,1.545345344468903,0.22224078383399465,0.34343876064898343
proliferating_epithelial_vs_other_epithelial,CARHSP1,5164,4576,1173,2268,2909,9937,1.7751804743898247,0.4605011572909329,0.40323135097971813,0.22823789876220188,1.9466866969451202,0.17499345221751625,0.3406574254843404
proliferating_epithelial_vs_other_epithelial,HMGB2,5511,4829,1365,2943,2909,9937,1.8944654520453763,0.48596155781422967,0.46923341354417325,0.296165844822381,1.962874525041244,0.17306756872179224,0.33970992175483083
proliferating_epithelial_vs_other_epithelial,HMGB3,4828,5177,1285,2381,2909,9937,1.6596768649020281,0.5209821877830331,0.44173255414231694,0.23960954010264668,1.6715945265662742,0.20212301403967026,0.337867723961791
proliferating_epithelial_vs_other_epithelial,TUBA1B,11346,12244,2120,5227,2909,9937,3.900309384668271,1.2321626245345678,0.7287727741491922,0.5260138874911945,1.662395086762889,0.20275888665799768,0.33706537697776884
proliferating_epithelial_vs_other_epithelial,H2AFY,5424,6707,1724,3617,2909,9937,1.8645582674458576,0.6749521988527725,0.5926435201100034,0.3639931568883969,1.4659752812821085,0.22865036322160653,0.3351957805390509
proliferating_epithelial_vs_other_epithelial,SIVA1,8812,10395,1990,4637,2909,9937,3.029219663114472,1.0460903693267585,0.6840838776211756,0.4666398309348898,1.5339378076751728,0.2174440466862858,0.3335456442659792
proliferating_epithelial_vs_other_epithelial,MYBL2,821,105,224,75,2909,9937,0.2822275696115504,0.010566569387138975,0.07700240632519766,0.007547549562242125,4.739148547057121,0.06945485676295553,0.3291568835142211
proliferating_epithelial_vs_other_epithelial,CENPX,5663,7285,1790,3812,2909,9937,1.9467170849089035,0.7331186474791185,0.6153317291165349,0.38361678575022645,1.4089233993308257,0.23171494336630843,0.326468605683409
proliferating_epithelial_vs_other_epithelial,ECI1,3402,4350,1491,2810,2909,9937,1.1694740460639395,0.4377578746100433,0.512547267102097,0.28278152359867165,1.4176527466145104,0.22976574350342532,0.325728037355556
proliferating_epithelial_vs_other_epithelial,RPL39L,2576,1218,530,676,2909,9937,0.8855276727397731,0.12257220489081212,0.18219319353729804,0.06802858005434236,2.852895387873382,0.11416461348295569,0.3256996992638716
proliferating_epithelial_vs_other_epithelial,JPT1,8334,9904,1790,4014,2909,9937,2.864902028188381,0.9966790781926135,0.6153317291165349,0.40394485257119855,1.5232839101527595,0.21138687654533633,0.3220022278589586
proliferating_epithelial_vs_other_epithelial,NUSAP1,1151,312,334,272,2909,9937,0.3956686146442076,0.03139780617892724,0.11481608800275009,0.027372446412398107,3.655514665895621,0.08744364159035198,0.31965151427285193
proliferating_epithelial_vs_other_epithelial,TMEM106C,2076,1719,847,1341,2909,9937,0.7136473014781712,0.1729898359665895,0.2911653489171537,0.1349501861728892,2.0445176493049617,0.15621516274426447,0.3193846573196956
proliferating_epithelial_vs_other_epithelial,HMGN2,16508,19322,2424,6233,2909,9937,5.674802337573049,1.9444500352218979,0.8332760398762461,0.6272516856194023,1.5452074905641544,0.20602435425684384,0.31835037543631806
proliferating_epithelial_vs_other_epithelial,DUT,4487,5315,1465,2962,2909,9937,1.5424544517016157,0.5348696789775587,0.5036094877964936,0.29807789071148233,1.5279667988912808,0.20553159708501129,0.31404545646899723
spp1_macrophage_vs_other_macrophage,SPP1,20951,60975,354,2574,717,20644,29.220362622036262,2.9536427049021508,0.49372384937238495,0.12468513853904283,3.306406420493932,0.3690387108333421,1.2201919629101659
spp1_macrophage_vs_other_macrophage,CHI3L1,846,1207,64,428,717,20644,1.1799163179916319,0.05846735128850998,0.08926080892608089,0.02073241619841116,4.334886046642322,0.06852839272766972,0.29706277343400067
spp1_macrophage_vs_other_macrophage,CHIT1,264,1573,46,317,717,20644,0.3682008368200837,0.07619647355163728,0.06415620641562064,0.015355551249757798,2.2726817549903866,0.04880065516586284,0.11090835862703384
spp1_macrophage_vs_other_macrophage,OTOA,275,4045,133,1945,717,20644,0.38354253835425384,0.19594070916489054,0.18549511854951187,0.09421623716334043,0.9689658262738482,0.09127888138617143,0.08844611672370419
spp1_macrophage_vs_other_macrophage,HAMP,102,948,47,560,717,20644,0.14225941422594143,0.04592133307498547,0.06555090655509066,0.027126525867080024,1.6312664245964024,0.038424380688010636,0.06268040210226217
spp1_macrophage_vs_other_macrophage,HBB,11337,48296,52,1088,717,20644,15.811715481171548,2.3394690951366015,0.07252440725244072,0.05270296454175547,2.75674029931657,0.01982144271068525,0.05464256991114069
spp1_macrophage_vs_other_macrophage,NCS1,82,829,46,602,717,20644,0.11436541143654114,0.04015694632823096,0.06415620641562064,0.029161015307111026,1.5099060084682752,0.03499519110850961,0.05283944932223422
spp1_macrophage_vs_other_macrophage,CTSK,193,1739,51,824,717,20644,0.2691771269177127,0.084237550862236,0.07112970711297072,0.03991474520441775,1.6760086597773585,0.03121496190855297,0.05231654647335516
spp1_macrophage_vs_other_macrophage,PLA2G7,477,8422,146,2855,717,20644,0.6652719665271967,0.4079635729509785,0.20362622036262204,0.13829684169734546,0.7055025346676174,0.06532937866527658,0.04609004223661319
spp1_macrophage_vs_other_macrophage,CD9,3178,64062,437,10930,717,20644,4.4323570432357045,3.103177678744429,0.6094839609483961,0.5294516566556868,0.5143276575612787,0.08003230429270924,0.04116282759610062
spp1_macrophage_vs_other_macrophage,ADAMDEC1,171,2420,59,898,717,20644,0.2384937238493724,0.11722534392559582,0.08228730822873083,0.04349932183685332,1.0246605315175772,0.038787986391877506,0.039744518752797754
spp1_macrophage_vs_other_macrophage,SDS,411,7552,115,2091,717,20644,0.5732217573221757,0.3658205774074792,0.1603905160390516,0.1012885099786863,0.6479557140004945,0.05910200606036531,0.038295482535705555
spp1_macrophage_vs_other_macrophage,FABP3,523,10365,132,2490,717,20644,0.7294281729428173,0.5020829296647936,0.18410041841004185,0.12061615965898081,0.5388393512578669,0.06348425875106103,0.03420781680050829
spp1_macrophage_vs_other_macrophage,MATK,112,1280,51,1032,717,20644,0.15620641562064155,0.06200348769618291,0.07112970711297072,0.049990311955047474,1.333018401769003,0.021139395157923242,0.028179202747778243
spp1_macrophage_vs_other_macrophage,RARRES1,182,2332,53,1062,717,20644,0.25383542538354253,0.11296260414648324,0.07391910739191074,0.05144351869792676,1.168041085770698,0.02247558869398398,0.02625241102145667
spp1_macrophage_vs_other_macrophage,SDC2,162,2196,61,1339,717,20644,0.22594142259414227,0.1063747335787638,0.08507670850767085,0.06486146095717885,1.086786093388045,0.020215247550492005,0.021969649912271454
spp1_macrophage_vs_other_macrophage,GSDME,61,1088,54,932,717,20644,0.08507670850767085,0.05270296454175547,0.07531380753138076,0.04514628947878318,0.69086968655655,0.030167518052597576,0.020841823741187152
spp1_macrophage_vs_other_macrophage,CHCHD6,103,1952,71,1369,717,20644,0.14365411436541142,0.09455531873667894,0.09902370990237098,0.06631466770005813,0.603363581403903,0.032709042202312855,0.01973544484747889
spp1_macrophage_vs_other_macrophage,TREM2,1068,23144,294,7615,717,20644,1.4895397489539748,1.1211005619066072,0.4100418410041841,0.36887231156752565,0.40995061203518235,0.04116952943665847,0.016877473789758596
spp1_macrophage_vs_other_macrophage,RAB42,113,1605,52,1178,717,20644,0.15760111576011157,0.07774656074404185,0.07252440725244072,0.05706258477039333,1.0194175847854412,0.015461822482047388,0.015762053731029985
spp1_macrophage_vs_other_macrophage,ATP6V0D2,86,1710,48,849,717,20644,0.1199442119944212,0.08283278434411935,0.06694560669456066,0.04112575082348382,0.5340843626595178,0.025819855871076845,0.013789981266864685
spp1_macrophage_vs_other_macrophage,SNCA,124,2662,93,2053,717,20644,0.17294281729428174,0.1289478783181554,0.1297071129707113,0.09944778143770587,0.4235042149084136,0.030259331533005432,0.01281495444453887
spp1_macrophage_vs_other_macrophage,CST6,55,994,37,753,717,20644,0.07670850767085077,0.04814958341406704,0.05160390516039052,0.0364754892462701,0.6718521234571744,0.015128415914120417,0.010164058356445113
spp1_macrophage_vs_other_macrophage,CAMK1,235,4414,113,2957,717,20644,0.3277545327754533,0.21381515210230576,0.15760111576011157,0.14323774462313504,0.6162492932374078,0.014363371136976527,0.008851417311668369
spp1_macrophage_vs_other_macrophage,RAMP1,61,1188,36,757,717,20644,0.08507670850767085,0.05754698701801977,0.0502092050209205,0.03666925014532067,0.5640157111795292,0.013539954875599829,0.007636747278500171
spp1_macrophage_vs_other_macrophage,EEPD1,43,900,36,796,717,20644,0.0599721059972106,0.04359620228637861,0.0502092050209205,0.03855841891106375,0.4600801341289544,0.011650786109856752,0.005360295236130653
spp1_macrophage_vs_other_macrophage,OCIAD2,153,3269,91,2381,717,20644,0.21338912133891214,0.15835109474907963,0.12691771269177127,0.11533617515985274,0.4303574376493177,0.011581537531918526,0.00498420081627586
spp1_macrophage_vs_other_macrophage,WFDC2,354,7289,73,1907,717,20644,0.49372384937238495,0.3530807982949041,0.10181311018131102,0.09237550862236,0.4837048076318733,0.009437601558951014,0.004565013246578668
spp1_macrophage_vs_other_macrophage,TNS1,70,1715,56,1261,717,20644,0.09762900976290098,0.08307498546793257,0.07810320781032078,0.06108312342569269,0.23289317363630843,0.017020084384628084,0.0039638614678938104
spp1_macrophage_vs_other_macrophage,DEXI,44,1009,37,917,717,20644,0.061366806136680614,0.04887618678550668,0.05160390516039052,0.04441968610734354,0.3283207582545965,0.007184219053046982,0.0023587282469635044
c1q_macrophage_vs_other_macrophage,RBP4,29688,2143,3866,579,11825,9536,2.5106131078224103,0.22472734899328858,0.32693446088794925,0.06071728187919463,3.481786263264418,0.26621717900875463,0.9269113169176865
c1q_macrophage_vs_other_macrophage,NUPR1,77119,11156,7169,2325,11825,9536,6.52169133192389,1.1698825503355705,0.6062579281183932,0.24381291946308725,2.4788814501894194,0.36244500865530593,0.8984582086693814
c1q_macrophage_vs_other_macrophage,FABP4,190895,24008,5490,1359,11825,9536,16.143340380549684,2.5176174496644297,0.4642706131078224,0.14251258389261745,2.680807660092183,0.32175802921520497,0.8625713894162859
c1q_macrophage_vs_other_macrophage,MARCO,112104,17316,7033,2401,11825,9536,9.480253699788584,1.8158557046979866,0.5947568710359408,0.2517827181208054,2.384275460337472,0.3429741529151354,0.8177448563255889
c1q_macrophage_vs_other_macrophage,CYP27A1,22626,2927,5061,1163,11825,9536,1.9134038054968288,0.3069421140939597,0.42799154334038053,0.12195889261744966,2.640098916584975,0.30603265072293084,0.8079564696132379
c1q_macrophage_vs_other_macrophage,LPL,37047,4819,5464,1494,11825,9536,3.132938689217759,0.5053481543624161,0.4620718816067653,0.15666946308724833,2.6321645771883406,0.305402418519517,0.8038694278147211
c1q_macrophage_vs_other_macrophage,SERPING1,25244,3146,5028,1259,11825,9536,2.134799154334038,0.3299077181208054,0.42520084566596195,0.1320260067114094,2.69396221276467,0.29317483895455254,0.7898019378769321
c1q_macrophage_vs_other_macrophage,PCOLCE2,10520,1084,3570,500,11825,9536,0.8896405919661734,0.1136744966442953,0.3019027484143763,0.05243288590604027,2.968302930431803,0.24946986250833603,0.7405021239379128
c1q_macrophage_vs_other_macrophage,SCD,20293,2295,4413,1142,11825,9536,1.716109936575053,0.24066694630872484,0.3731923890063425,0.11975671140939598,2.8340269052848317,0.2534356775969465,0.7182435290688387
c1q_macrophage_vs_other_macrophage,ACP5,81607,12526,7587,3272,11825,9536,6.9012262156448205,1.3135486577181208,0.6416067653276956,0.34312080536912754,2.393382191516234,0.298485959958568,0.7143909809824643
c1q_macrophage_vs_other_macrophage,GCHFR,65916,10073,6633,2543,11825,9536,5.574291754756871,1.0563129194630871,0.5609302325581396,0.2666736577181208,2.3997501288189023,0.29425657484001877,0.706142253378144
c1q_macrophage_vs_other_macrophage,APOC1,725651,131206,9861,4851,11825,9536,61.36583509513742,13.75901845637584,0.8339112050739957,0.5087038590604027,2.1570580351663313,0.325207346013593,0.7014911188137383
c1q_macrophage_vs_other_macrophage,GPD1,7957,652,2861,307,11825,9536,0.6728964059196617,0.06837248322147652,0.24194503171247358,0.032193791946308725,3.298877730412933,0.20975123976616486,0.6919436937911049
c1q_macrophage_vs_other_macrophage,TGM2,18415,2077,3926,917,11825,9536,1.557293868921776,0.21780620805369127,0.3320084566596195,0.09616191275167785,2.837918535961588,0.23584654390794163,0.6693132785988262
c1q_macrophage_vs_other_macrophage,PPARG,21635,3493,5147,1450,11825,9536,1.829598308668076,0.36629614093959734,0.4352642706131078,0.15205536912751677,2.320441380195728,0.283208901485591,0.6571696542469408
c1q_macrophage_vs_other_macrophage,LGALS3BP,32130,5851,6490,2347,11825,9536,2.717124735729387,0.6135696308724832,0.5488372093023256,0.24611996644295303,2.1467799945389365,0.30271724285937257,0.6498673209724858
c1q_macrophage_vs_other_macrophage,PHLDA3,8802,954,3337,568,11825,9536,0.7443551797040169,0.10004194630872483,0.28219873150105707,0.05956375838926174,2.8953736750874404,0.2226349731117953,0.6446114403016923
c1q_macrophage_vs_other_macrophage,APOE,552904,133120,9988,4559,11825,9536,46.757209302325585,13.95973154362416,0.8446511627906976,0.4780830536912752,1.7439175552111172,0.36656810909942245,0.6392645606390269
c1q_macrophage_vs_other_macrophage,CPE,6850,575,2646,334,11825,9536,0.5792811839323467,0.06029781879194631,0.2237632135306554,0.0350251677852349,3.2640646487832425,0.1887380457454205,0.6160531829980616
c1q_macrophage_vs_other_macrophage,MCEMP1,44529,7808,5888,2086,11825,9536,3.765665961945032,0.8187919463087249,0.4979281183932347,0.21875,2.2013348336190717,0.2791781183932347,0.6145645168032567
c1q_macrophage_vs_other_macrophage,FAM89A,11952,1830,3953,863,11825,9536,1.010739957716702,0.1919043624161074,0.33429175475687106,0.09049916107382551,2.3969463665685824,0.24379259368304557,0.5843577716249068
c1q_macrophage_vs_other_macrophage,GLDN,11018,1628,3756,781,11825,9536,0.9317547568710359,0.1707214765100671,0.31763213530655393,0.0819001677852349,2.448298818456947,0.23573196752131903,0.5771422975549768
c1q_macrophage_vs_other_macrophage,INHBA,57727,9224,4948,1693,11825,9536,4.881775898520084,0.9672818791946308,0.4184355179704017,0.17753775167785235,2.3353965955159093,0.24089776629254933,0.5625918232670069
c1q_macrophage_vs_other_macrophage,MLPH,6386,813,3167,554,11825,9536,0.5400422832980972,0.08525587248322147,0.2678224101479915,0.05809563758389262,2.663187002444869,0.20972677256409888,0.5585416147574193
c1q_macrophage_vs_other_macrophage,LTA4H,31814,5724,6346,2663,11825,9536,2.6904016913319238,0.600251677852349,0.5366596194503171,0.2792575503355705,2.1641802874251193,0.25740206911474667,0.5570644839205728
c1q_macrophage_vs_other_macrophage,MME,6792,545,2284,261,11825,9536,0.5743763213530655,0.057151845637583895,0.19315010570824526,0.02736996644295302,3.329101550022205,0.16578013926529223,0.5518989185909814
c1q_macrophage_vs_other_macrophage,C1QB,363069,79350,11180,6265,11825,9536,30.703509513742073,8.32109899328859,0.9454545454545454,0.6569840604026845,1.8835574562347523,0.2884704850518609,0.5433507330230882
c1q_macrophage_vs_other_macrophage,SLC19A3,4132,296,2073,198,11825,9536,0.3494291754756871,0.03104026845637584,0.1753065539112051,0.020763422818791948,3.4927447818710036,0.15454313109241313,0.5397797146970325
c1q_macrophage_vs_other_macrophage,PPIC,9639,1647,3817,854,11825,9536,0.8151374207188161,0.17271392617449666,0.3227906976744186,0.08955536912751678,2.238652300626476,0.23323532854690182,0.5221328048388937
c1q_macrophage_vs_other_macrophage,IFI6,76219,17051,7698,3530,11825,9536,6.445581395348837,1.7880662751677852,0.6509936575052854,0.3701761744966443,1.8499097020037647,0.28081748300864107,0.5194869863099625
inflammatory_macrophage_vs_other_macrophage,IL1B,183877,69100,6711,6290,7838,13523,23.459683592753255,5.109812911336242,0.8562133197244195,0.46513347629963764,2.1988409596505707,0.39107984342478186,0.8599223782161423
inflammatory_macrophage_vs_other_macrophage,CCL3L1,331481,118321,6039,6358,7838,13523,42.29152845113549,8.74961177253568,0.7704771625414647,0.4701619463136878,2.2730776608249332,0.3003152162277769,0.6826398092131691
inflammatory_macrophage_vs_other_macrophage,CCL3,323456,143673,6385,6415,7838,13523,41.26767032406226,10.624343710715078,0.8146210768053075,0.4743769873548769,1.9576381700942707,0.3402440894504306,0.6660748166571323
inflammatory_macrophage_vs_other_macrophage,G0S2,82633,34645,4456,3442,7838,13523,10.542612911457004,2.561931524070103,0.568512375606022,0.2545293204170672,2.0409282260870203,0.31398305518895475,0.6408168798481764
inflammatory_macrophage_vs_other_macrophage,GPR183,46908,27510,5381,4671,7838,13523,5.984689971931616,2.034311913037048,0.6865271752998214,0.34541152111217927,1.5567351453855276,0.34111565418764217,0.5310267275150785
inflammatory_macrophage_vs_other_macrophage,CCL17,113956,31472,2314,1331,7838,13523,14.538912988007144,2.3272942394439102,0.2952283745853534,0.09842490571618724,2.6431933614201784,0.19680346886916616,0.5201896224194428
inflammatory_macrophage_vs_other_macrophage,NLRP3,9831,5310,3711,2529,7838,13523,1.254274049502424,0.39266434962656216,0.4734626180147997,0.18701471566959993,1.6754815513771082,0.2864479023451998,0.4799381758100537
inflammatory_macrophage_vs_other_macrophage,SERPINB9,9872,6253,4055,3315,7838,13523,1.2595049757591221,0.4623973970272868,0.5173513651441695,0.24513791318494416,1.4456496653495492,0.2722134519592253,0.39352528572849965
inflammatory_macrophage_vs_other_macrophage,PTGS2,16037,9430,3923,3373,7838,13523,2.046057667772391,0.6973304740072469,0.5005103342689462,0.24942690231457518,1.5529310087230275,0.251083431954371,0.389915247258541
inflammatory_macrophage_vs_other_macrophage,CCL4L2,327319,192627,5899,6907,7838,13523,41.76052564429701,14.244398432300525,0.752615463128349,0.5107594468682984,1.5517451094203745,0.2418560162600506,0.3752988904154281
inflammatory_macrophage_vs_other_macrophage,CD1C,6346,2680,1905,864,7838,13523,0.8096453176830825,0.19818087702432893,0.24304669558560857,0.0638911484138135,2.030466785481615,0.17915554717179505,0.36376938796711455
inflammatory_macrophage_vs_other_macrophage,GRASP,13314,9704,4385,3699,7838,13523,1.6986476141872926,0.7175922502403312,0.5594539423322276,0.2735339791466391,1.2431492193473488,0.2859199631855885,0.355441179029987
inflammatory_macrophage_vs_other_macrophage,RGS1,45404,30443,5266,5762,7838,13523,5.7928042868078595,2.251201656437181,0.6718550650676193,0.4260888856023072,1.363566236529128,0.2457661794653121,0.33511846439965787
inflammatory_macrophage_vs_other_macrophage,CXCL8,294525,224704,7052,8359,7838,13523,37.57655014034192,16.616431265251794,0.8997193161520796,0.6181320712859573,1.1772220065466732,0.2815872448661223,0.3314907014192459
inflammatory_macrophage_vs_other_macrophage,PMAIP1,15880,10715,4409,4366,7838,13523,2.026027047716254,0.7923537676551061,0.5625159479459045,0.3228573541373955,1.3544357164719245,0.239658593808509,0.32460215921368185
inflammatory_macrophage_vs_other_macrophage,IER3,84489,64436,6566,7635,7838,13523,10.779408012248023,4.764919026843156,0.8377137024751212,0.5645936552540117,1.1777541779733258,0.2731200472211095,0.32166827670293374
inflammatory_macrophage_vs_other_macrophage,CLEC10A,5745,3201,2306,1326,7838,13523,0.732967593773922,0.236707831102566,0.2942077060474611,0.09805516527397767,1.6306378521531188,0.19615254077348343,0.3198537577812501
inflammatory_macrophage_vs_other_macrophage,ICAM1,13641,10314,4468,4277,7838,13523,1.7403674406736411,0.7627005841898987,0.5700433784128605,0.31627597426606524,1.1902021593610879,0.2537674041467952,0.30203451239097356
inflammatory_macrophage_vs_other_macrophage,EREG,21246,10790,2734,2413,7838,13523,2.7106404695075272,0.7978998742882496,0.34881347282470015,0.17843673741033794,1.7643528715514014,0.1703767354143622,0.3006046823738833
inflammatory_macrophage_vs_other_macrophage,DUSP2,50129,41415,6303,7235,7838,13523,6.39563664200051,3.062560082821859,0.8041592242919112,0.5350144198772462,1.0623495833059997,0.26914480441466504,0.2859258708188942
inflammatory_macrophage_vs_other_macrophage,TNF,23527,17391,4266,4258,7838,13523,3.001658586374075,1.2860312060933226,0.5442714978310793,0.3148709605856689,1.2228335998783495,0.22940053724541043,0.2805186847738326
inflammatory_macrophage_vs_other_macrophage,PPIF,15369,11809,4453,4564,7838,13523,1.9608318448583821,0.8732529764105598,0.5681296249043123,0.3374990756488945,1.1669933431900992,0.23063054925541782,0.26914431571734887
inflammatory_macrophage_vs_other_macrophage,CORO1A,10779,8271,4347,4389,7838,13523,1.375223271242664,0.6116246395030689,0.554605766777239,0.3245581601715596,1.1689461209594196,0.23004760660567947,0.26891325737770755
inflammatory_macrophage_vs_other_macrophage,PDE4B,13175,10710,4590,4587,7838,13523,1.6809134983414136,0.7919840272128965,0.5856085736157183,0.3391998816830585,1.085701281129243,0.2464086919326598,0.2675262325126697
inflammatory_macrophage_vs_other_macrophage,CCL4,252709,182226,6081,7619,7838,13523,32.24151569277877,13.47526436441618,0.7758356723653993,0.563410485838941,1.258605928331943,0.21242518652645825,0.26735959908921914
inflammatory_macrophage_vs_other_macrophage,LGALS2,5056,2528,1829,1138,7838,13523,0.645062515947946,0.18694076758115802,0.23335034447563155,0.08415292464689787,1.7868522818424535,0.1491974198287337,0.2665937500659793
inflammatory_macrophage_vs_other_macrophage,MIR155HG,7612,4223,2422,2116,7838,13523,0.971166113804542,0.3122827774902019,0.30900739984689973,0.15647415514308954,1.6368619428675752,0.1525332447038102,0.24967586327777402
inflammatory_macrophage_vs_other_macrophage,PRDM1,9375,6423,3073,2768,7838,13523,1.196095942842562,0.47496857206241216,0.39206430211788723,0.20468830880721733,1.3324273254653596,0.1873759933106699,0.249664893623351
inflammatory_macrophage_vs_other_macrophage,VEGFA,12386,10125,3914,3648,7838,13523,1.5802500637917836,0.748724395474377,0.4993620821638173,0.26976262663610145,1.0776451919498813,0.22959945552771582,0.24742674932375355
inflammatory_macrophage_vs_other_macrophage,ARL5B,4475,2803,2425,1911,7838,13523,0.5709364633835162,0.20727649190268432,0.30939015054860936,0.14131479701249722,1.461769267364177,0.16807535353611214,0.24568738640045765
resident_macrophage_vs_other_macrophage,FCN1,654,23612,76,4261,175,21186,3.737142857142857,1.1145095817993014,0.4342857142857143,0.20112338336637403,1.7455257852754722,0.23316233091934024,0.4069908607746409
resident_macrophage_vs_other_macrophage,VCAN,264,12333,69,4494,175,21186,1.5085714285714287,0.5821297082979326,0.3942857142857143,0.21212121212121213,1.3737689347504116,0.18216450216450217,0.25025193408786717
resident_macrophage_vs_other_macrophage,AZU1,382,24916,73,3514,175,21186,2.182857142857143,1.1760596620409705,0.41714285714285715,0.1658642499763995,0.8922558997993671,0.25127860716645767,0.2242048197376394
resident_macrophage_vs_other_macrophage,ELANE,287,17574,57,2294,175,21186,1.64,0.8295100538091192,0.32571428571428573,0.10827905220428585,0.9833635832030224,0.21743523350999988,0.21381789033897938
resident_macrophage_vs_other_macrophage,GLT1D1,18,582,17,534,175,21186,0.10285714285714286,0.02747097139620504,0.09714285714285714,0.02520532427074483,1.9046236631977846,0.07193753287211231,0.1370139273802936
resident_macrophage_vs_other_macrophage,HGF,44,2064,29,1506,175,21186,0.25142857142857145,0.09742282639478901,0.1657142857142857,0.07108467856131408,1.3678077873251273,0.09462960715297163,0.12943511357535217
resident_macrophage_vs_other_macrophage,FAAH,15,476,13,458,175,21186,0.08571428571428572,0.02246766732748041,0.07428571428571429,0.021618049655432833,1.9316379476691021,0.052667664630281455,0.10173485961496143
resident_macrophage_vs_other_macrophage,PCAT18,11,267,9,223,175,21186,0.06285714285714286,0.012602662135372415,0.05142857142857143,0.01052581893703389,2.31825666250365,0.04090275249153753,0.09482307847824466
resident_macrophage_vs_other_macrophage,CDA,53,3404,34,2004,175,21186,0.3028571428571429,0.16067214198055318,0.19428571428571428,0.09459076748796375,0.9145134120377252,0.09969494679775054,0.09117236595893033
resident_macrophage_vs_other_macrophage,AC020656.1,2615,153147,104,10995,175,21186,14.942857142857143,7.2286887567261395,0.5942857142857143,0.5189747946757293,1.0476500420859969,0.07531091960998504,0.07889948809893596
resident_macrophage_vs_other_macrophage,NLRP12,12,374,10,357,175,21186,0.06857142857142857,0.017653167185877467,0.05714285714285714,0.016850750495610307,1.9576198525150081,0.040292106647246834,0.07887662787230233
resident_macrophage_vs_other_macrophage,CECR2,11,361,10,338,175,21186,0.06285714285714286,0.017039554422731994,0.05714285714285714,0.015953931841782308,1.8831273732509934,0.04118892530107483,0.07756399270924444
resident_macrophage_vs_other_macrophage,AC027031.2,12,437,11,403,175,21186,0.06857142857142857,0.02062682903804399,0.06285714285714286,0.019021995657509675,1.7330366240657202,0.04383514719963319,0.07596791551827621
resident_macrophage_vs_other_macrophage,LINC02207,38,2594,31,1819,175,21186,0.21714285714285714,0.12243934673841216,0.17714285714285713,0.08585858585858586,0.8265721049270081,0.09128427128427127,0.07545303226216814
resident_macrophage_vs_other_macrophage,P2RY8,25,1376,21,1181,175,21186,0.14285714285714285,0.06494855092985934,0.12,0.05574435948267724,1.137191815831636,0.06425564051732276,0.07307098851731911
resident_macrophage_vs_other_macrophage,S100A8,663,55890,93,8311,175,21186,3.7885714285714287,2.6380628717077315,0.5314285714285715,0.3922873595770792,0.5221748341361003,0.13914121185149225,0.07265603922004897
resident_macrophage_vs_other_macrophage,NFE2,9,296,9,278,175,21186,0.05142857142857143,0.013971490607004625,0.05142857142857143,0.013121872934957047,1.8800089263650808,0.03830669849361438,0.07201693510757083
resident_macrophage_vs_other_macrophage,C16orf74,14,666,14,585,175,21186,0.08,0.03143585386576041,0.08,0.027612574341546302,1.3475611906410039,0.052387425658453696,0.07059526169492295
resident_macrophage_vs_other_macrophage,ERLIN1,70,5272,46,3606,175,21186,0.4,0.24884357594637968,0.26285714285714284,0.17020674030019825,0.6847586657319943,0.0926504025569446,0.06344316603442553
resident_macrophage_vs_other_macrophage,SLC24A4,42,2816,30,2164,175,21186,0.24,0.13291796469366562,0.17142857142857143,0.10214292457283111,0.8524934560215623,0.06928564685574032,0.05906556054073956
resident_macrophage_vs_other_macrophage,PLPPR3,11,412,9,354,175,21186,0.06285714285714286,0.019446804493533466,0.05142857142857143,0.016709147550269046,1.6924923530532359,0.03471942387830238,0.0587623594164407
resident_macrophage_vs_other_macrophage,RAB3D,13,495,10,467,175,21186,0.07428571428571429,0.02336448598130841,0.05714285714285714,0.022042858491456624,1.6687251725602184,0.03509999865140052,0.05857225130642176
resident_macrophage_vs_other_macrophage,MT1H,258,10785,13,780,175,21186,1.4742857142857142,0.5090625885018408,0.07428571428571429,0.0368167657887284,1.5340993385756199,0.037468948496985885,0.05748108910635001
resident_macrophage_vs_other_macrophage,MARC1,13,526,10,452,175,21186,0.07428571428571429,0.024827716416501465,0.05714285714285714,0.021334843764750307,1.5810945371859741,0.03580801337810684,0.056615854339607
resident_macrophage_vs_other_macrophage,FOLR2,247,25082,92,6421,175,21186,1.4114285714285715,1.1838950250165203,0.5257142857142857,0.30307750401208344,0.2536147592312863,0.22263678170220225,0.05646397378743247
resident_macrophage_vs_other_macrophage,KBTBD11,23,1439,20,1184,175,21186,0.13142857142857142,0.06792221278202587,0.11428571428571428,0.0558859624280185,0.9523133107061565,0.05839975185769578,0.055614861036020286
resident_macrophage_vs_other_macrophage,AL391807.1,18,863,13,706,175,21186,0.10285714285714286,0.04073444727650335,0.07428571428571429,0.03332389313697725,1.336299356403478,0.04096182114873704,0.054737255238171675
resident_macrophage_vs_other_macrophage,CACNA2D3,14,728,13,633,175,21186,0.08,0.03436231473614651,0.07428571428571429,0.029878221467006513,1.2191488258897802,0.044407492818707775,0.05413934273063643
resident_macrophage_vs_other_macrophage,NCAM1,13,579,10,458,175,21186,0.07428571428571429,0.027329368450863777,0.05714285714285714,0.021618049655432833,1.4425993073468109,0.03552480748742431,0.051248062674987105
resident_macrophage_vs_other_macrophage,AL034397.3,33,2091,22,1589,175,21186,0.18857142857142858,0.09869725290286038,0.12571428571428572,0.07500236004908901,0.9340223007487124,0.05071192566519671,0.047366069485204707
