stages,broad_class,target_gene,gene,baseline_signal,knockout_signal,impact_score,impact_rank
"LUAD,MIA",epithelial,MIF,MDK,0.02639397798357892,0.0,0.02639397798357892,1
"LUAD,MIA",epithelial,MIF,CD24,0.02230380403861288,0.0,0.02230380403861288,2
"LUAD,MIA",epithelial,MIF,EPCAM,0.021212472218672826,0.0,0.021212472218672826,3
"LUAD,MIA",epithelial,MIF,CLDN3,0.020615941028096663,0.0,0.020615941028096663,4
"LUAD,MIA",epithelial,MIF,PERP,0.020333868066459294,0.0,0.020333868066459294,5
"LUAD,MIA",epithelial,MIF,NUCKS1,0.02002662156842401,0.0,0.02002662156842401,6
"LUAD,MIA",epithelial,MIF,KRT8,0.019207577946271447,0.0,0.019207577946271447,7
"LUAD,MIA",epithelial,MIF,LGALS3,0.017746296688232657,0.0,0.017746296688232657,8
"LUAD,MIA",epithelial,MIF,IFI6,0.016829219972737657,0.0,0.016829219972737657,9
"LUAD,MIA",epithelial,MIF,ANXA2,0.01682329481948196,0.0,0.01682329481948196,10
"LUAD,MIA",epithelial,MIF,TMEM106C,0.01600800521197448,0.0,0.01600800521197448,11
"LUAD,MIA",epithelial,MIF,MYBL2,0.01513152815091596,0.0,0.01513152815091596,12
"LUAD,MIA",epithelial,MIF,UBE2T,0.014926618089803336,0.0,0.014926618089803336,13
"LUAD,MIA",epithelial,MIF,TOP2A,0.014924051477135143,0.0,0.014924051477135143,14
"LUAD,MIA",epithelial,MIF,TK1,0.014390906597052153,0.0,0.014390906597052153,15
"LUAD,MIA",epithelial,MIF,HMGB2,0.014311723558476711,0.0,0.014311723558476711,16
"LUAD,MIA",epithelial,MIF,SOX4,0.014179087092808844,0.0,0.014179087092808844,17
"LUAD,MIA",epithelial,MIF,MKI67,0.01317513527788189,0.0,0.01317513527788189,18
"LUAD,MIA",epithelial,MIF,DEK,0.01297837637146569,0.0,0.01297837637146569,19
"LUAD,MIA",epithelial,MIF,CLDN4,0.012689278805904711,0.0,0.012689278805904711,20
"LUAD,MIA",epithelial,MIF,TYMS,0.012679790131395276,0.0,0.012679790131395276,21
"LUAD,MIA",epithelial,MIF,KRT19,0.012448750510764203,0.0,0.012448750510764203,22
"LUAD,MIA",epithelial,MIF,STMN1,0.012058792305724781,0.0,0.012058792305724781,23
"LUAD,MIA",epithelial,MIF,ITGAV,0.012040041392090434,0.0,0.012040041392090434,24
"LUAD,MIA",epithelial,MIF,CD74,0.01170428587487925,0.0,0.01170428587487925,25
"LUAD,MIA",epithelial,MIF,PLPP2,0.011633271899793223,0.0,0.011633271899793223,26
"LUAD,MIA",epithelial,MIF,HMGB3,0.011518170162351876,0.0,0.011518170162351876,27
"LUAD,MIA",epithelial,MIF,CKS1B,0.011477326545181722,0.0,0.011477326545181722,28
"LUAD,MIA",epithelial,MIF,ITGB1,0.010963374462026169,0.0,0.010963374462026169,29
"LUAD,MIA",epithelial,MIF,SIVA1,0.010630626336718345,0.0,0.010630626336718345,30
"LUAD,MIA",epithelial,MIF,PCNA,0.010039142756882315,0.0,0.010039142756882315,31
"LUAD,MIA",epithelial,MIF,SPINT1,0.00995821723628435,0.0,0.00995821723628435,32
"LUAD,MIA",epithelial,MIF,ECI1,0.00993909397165289,0.0,0.00993909397165289,33
"LUAD,MIA",epithelial,MIF,SPP1,0.008983000471812913,0.0,0.008983000471812913,34
"LUAD,MIA",epithelial,MIF,FABP3,0.00892841802261653,0.0,0.00892841802261653,35
"LUAD,MIA",epithelial,MIF,CARHSP1,0.008921038497618898,0.0,0.008921038497618898,36
"LUAD,MIA",epithelial,MIF,NUSAP1,0.00872552127930214,0.0,0.00872552127930214,37
"LUAD,MIA",epithelial,MIF,GDF15,0.008296189918267622,0.0,0.008296189918267622,38
"LUAD,MIA",epithelial,MIF,KRT7,0.008176877102877976,0.0,0.008176877102877976,39
"LUAD,MIA",epithelial,MIF,IL1RAP,0.00810063059948119,0.0,0.00810063059948119,40
"LUAD,MIA",epithelial,MIF,CLDN7,0.008088770421625962,0.0,0.008088770421625962,41
"LUAD,MIA",epithelial,MIF,IFT57,0.007938618863751511,0.0,0.007938618863751511,42
"LUAD,MIA",epithelial,MIF,GCHFR,0.007714696778594449,0.0,0.007714696778594449,43
"LUAD,MIA",epithelial,MIF,FAM89A,0.007670893815057546,0.0,0.007670893815057546,44
"LUAD,MIA",epithelial,MIF,APOE,0.007298803943750781,0.0,0.007298803943750781,45
"LUAD,MIA",epithelial,MIF,S100A8,0.007273408917725618,0.0,0.007273408917725618,46
"LUAD,MIA",epithelial,MIF,MME,0.007244929364378899,0.0,0.007244929364378899,47
"LUAD,MIA",epithelial,MIF,CXCL9,0.006416420735644545,0.0,0.006416420735644545,48
"LUAD,MIA",epithelial,MIF,CYP27A1,0.006337366489632815,0.0,0.006337366489632815,49
"LUAD,MIA",epithelial,MIF,UBE2C,0.006260914402991823,0.0,0.006260914402991823,50
"LUAD,MIA",epithelial,MIF,PPARG,0.006047850960995464,0.0,0.006047850960995464,51
"LUAD,MIA",epithelial,MIF,EREG,0.005526724603226679,0.0,0.005526724603226679,52
"LUAD,MIA",epithelial,MIF,PPIF,0.005464202703117254,0.0,0.005464202703117254,53
"LUAD,MIA",epithelial,MIF,G0S2,0.00540270806600319,0.0,0.00540270806600319,54
"LUAD,MIA",epithelial,MIF,GPD1,0.005233969066825581,0.0,0.005233969066825581,55
"LUAD,MIA",epithelial,MIF,CXCL10,0.005223125313513152,0.0,0.005223125313513152,56
"LUAD,MIA",epithelial,MIF,CD44,0.004853967478269243,0.0,0.004853967478269243,57
"LUAD,MIA",epithelial,MIF,ACP5,0.004822300237883986,0.0,0.004822300237883986,58
"LUAD,MIA",epithelial,MIF,CST6,0.004470075132155235,0.0,0.004470075132155235,59
"LUAD,MIA",epithelial,MIF,PDE4B,0.004298505735046774,0.0,0.004298505735046774,60
"LUAD,MIA",epithelial,MIF,LGALS2,0.004199513994529198,0.0,0.004199513994529198,61
"LUAD,MIA",epithelial,MIF,CXCL8,0.00416467618642483,0.0,0.00416467618642483,62
"LUAD,MIA",epithelial,MIF,APOC1,0.004074623372043914,0.0,0.004074623372043914,63
"LUAD,MIA",epithelial,MIF,TACSTD2,0.0037804873346273474,0.0,0.0037804873346273474,64
"LUAD,MIA",epithelial,MIF,TNFRSF12A,0.0035628672380868106,0.0,0.0035628672380868106,65
"LUAD,MIA",epithelial,MIF,NLRP3,0.0031190124808683486,0.0,0.0031190124808683486,66
"LUAD,MIA",epithelial,MIF,IL1B,0.0030328523785648313,0.0,0.0030328523785648313,67
"LUAD,MIA",epithelial,MIF,RAB11FIP1,0.0022136890265988876,0.0,0.0022136890265988876,68
"LUAD,MIA",epithelial,MIF,ANXA3,0.002056551038659724,0.0,0.002056551038659724,69
"LUAD,MIA",epithelial,MIF,LTA4H,0.0015712828090781966,0.0,0.0015712828090781966,70
"LUAD,MIA",epithelial,MIF,C1QA,0.0014771549554370446,0.0,0.0014771549554370446,71
"LUAD,MIA",epithelial,MIF,EMP2,0.0014692310785981402,0.0,0.0014692310785981402,72
"LUAD,MIA",epithelial,MIF,C1QB,0.0014189734129815782,0.0,0.0014189734129815782,73
"LUAD,MIA",epithelial,MIF,CYP4B1,0.0013533840013308415,0.0,0.0013533840013308415,74
"LUAD,MIA",epithelial,MIF,PLA2G7,0.001276710126957349,0.0,0.001276710126957349,75
"LUAD,MIA",epithelial,MIF,C1QC,0.00124176758091261,0.0,0.00124176758091261,76
"LUAD,MIA",epithelial,MIF,NFKBIA,0.0011695290082575905,0.0,0.0011695290082575905,77
"LUAD,MIA",epithelial,MIF,CAMK1,0.001061827993530271,0.0,0.001061827993530271,78
"LUAD,MIA",epithelial,MIF,LRP1,0.0009945348817977308,0.0,0.0009945348817977308,79
"LUAD,MIA",epithelial,MIF,ATP6V0D2,0.0009698233975367853,0.0,0.0009698233975367853,80
"LUAD,MIA",epithelial,MIF,MARCO,0.0009595579435105572,0.0,0.0009595579435105572,81
"LUAD,MIA",epithelial,MIF,CD1C,0.0009393801281023695,0.0,0.0009393801281023695,82
"LUAD,MIA",epithelial,MIF,ADAMDEC1,0.000938313330233584,0.0,0.000938313330233584,83
"LUAD,MIA",epithelial,MIF,CHIT1,0.0008331307517740992,0.0,0.0008331307517740992,84
"LUAD,MIA",epithelial,MIF,SDS,0.0007780064761072137,0.0,0.0007780064761072137,85
"LUAD,MIA",epithelial,MIF,IL1R1,0.0007214142200834006,0.0,0.0007214142200834006,86
"LUAD,MIA",epithelial,MIF,DUT,0.000700464271918336,0.0,0.000700464271918336,87
"LUAD,MIA",epithelial,MIF,RAB42,0.0006901835491015556,0.0,0.0006901835491015556,88
"LUAD,MIA",epithelial,MIF,CCL17,0.0006861666759315025,0.0,0.0006861666759315025,89
"LUAD,MIA",epithelial,MIF,RBP4,0.0006338581497641416,0.0,0.0006338581497641416,90
"LUAD,MIA",epithelial,MIF,CXCR4,0.000601292444430127,0.0,0.000601292444430127,91
"LUAD,MIA",epithelial,MIF,GPR183,0.0005909076314452658,0.0,0.0005909076314452658,92
"LUAD,MIA",epithelial,MIF,FOLR2,0.0005901522333033957,0.0,0.0005901522333033957,93
"LUAD,MIA",epithelial,MIF,TREM2,0.0005549980575880603,0.0,0.0005549980575880603,94
"LUAD,MIA",epithelial,MIF,GLDN,0.000528020519999966,0.0,0.000528020519999966,95
"LUAD,MIA",epithelial,MIF,RND3,0.0004639863587273367,0.0,0.0004639863587273367,96
"LUAD,MIA",epithelial,MIF,AZU1,0.00044006105583358824,0.0,0.00044006105583358824,97
"LUAD,MIA",epithelial,MIF,LPL,0.00041121155898059004,0.0,0.00041121155898059004,98
"LUAD,MIA",epithelial,MIF,HBB,0.0004060857501789262,0.0,0.0004060857501789262,99
"LUAD,MIA",epithelial,MIF,SERPINB9,0.00040132521330897954,0.0,0.00040132521330897954,100
"LUAD,MIA",epithelial,MIF,TNF,0.00039273469433036886,0.0,0.00039273469433036886,101
"LUAD,MIA",epithelial,MIF,EEPD1,0.000375064908097097,0.0,0.000375064908097097,102
"LUAD,MIA",epithelial,MIF,FABP4,0.0003699595536185592,0.0,0.0003699595536185592,103
"LUAD,MIA",epithelial,MIF,SLC19A3,0.0003656184954598836,0.0,0.0003656184954598836,104
"LUAD,MIA",epithelial,MIF,CXCR3,0.00036251100048286417,0.0,0.00036251100048286417,105
"LUAD,MIA",epithelial,MIF,PRDM1,0.0003516947527865449,0.0,0.0003516947527865449,106
"LUAD,MIA",epithelial,MIF,MCEMP1,0.00034405616240836565,0.0,0.00034405616240836565,107
"LUAD,MIA",epithelial,MIF,INHBA,0.0003199015914658592,0.0,0.0003199015914658592,108
"LUAD,MIA",epithelial,MIF,ITGA5,0.0003021275462720438,0.0,0.0003021275462720438,109
"LUAD,MIA",epithelial,MIF,CCL3,0.00030031778641444494,0.0,0.00030031778641444494,110
"LUAD,MIA",epithelial,MIF,CCL4,0.000212491938847392,0.0,0.000212491938847392,111
"LUAD,MIA",epithelial,MIF,CCL4L2,0.0001939601828333541,0.0,0.0001939601828333541,112
"LUAD,MIA",epithelial,MIF,HAMP,0.00014601368850441124,0.0,0.00014601368850441124,113
"LUAD,MIA",epithelial,MIF,CLEC10A,6.449024432971082e-05,0.0,6.449024432971082e-05,114
"LUAD,MIA",macrophage,CD74,C1QB,0.03800535790797858,0.0,0.03800535790797858,1
"LUAD,MIA",macrophage,CD74,C1QA,0.03750219352991513,0.0,0.03750219352991513,2
"LUAD,MIA",macrophage,CD74,C1QC,0.03608326153681354,0.0,0.03608326153681354,3
"LUAD,MIA",macrophage,CD74,APOE,0.026581256743178357,0.0,0.026581256743178357,4
"LUAD,MIA",macrophage,CD74,ACP5,0.02494656089586899,0.0,0.02494656089586899,5
"LUAD,MIA",macrophage,CD74,ANXA2,0.022758028577869162,0.0,0.022758028577869162,6
"LUAD,MIA",macrophage,CD74,APOC1,0.01971604633076609,0.0,0.01971604633076609,7
"LUAD,MIA",macrophage,CD74,TREM2,0.018675815741565183,0.0,0.018675815741565183,8
"LUAD,MIA",macrophage,CD74,MARCO,0.01851442339388571,0.0,0.01851442339388571,9
"LUAD,MIA",macrophage,CD74,ADAMDEC1,0.017426379884222024,0.0,0.017426379884222024,10
"LUAD,MIA",macrophage,CD74,IFI6,0.017028795318114603,0.0,0.017028795318114603,11
"LUAD,MIA",macrophage,CD74,LRP1,0.01633723717534346,0.0,0.01633723717534346,12
"LUAD,MIA",macrophage,CD74,CYP27A1,0.01614662298751579,0.0,0.01614662298751579,13
"LUAD,MIA",macrophage,CD74,LGALS3,0.015555210838855322,0.0,0.015555210838855322,14
"LUAD,MIA",macrophage,CD74,GCHFR,0.015055075176759983,0.0,0.015055075176759983,15
"LUAD,MIA",macrophage,CD74,LTA4H,0.01489392369047452,0.0,0.01489392369047452,16
"LUAD,MIA",macrophage,CD74,CXCL9,0.014477512687648368,0.0,0.014477512687648368,17
"LUAD,MIA",macrophage,CD74,FOLR2,0.013001318281836755,0.0,0.013001318281836755,18
"LUAD,MIA",macrophage,CD74,CLEC10A,0.012549604429628559,0.0,0.012549604429628559,19
"LUAD,MIA",macrophage,CD74,PLA2G7,0.012479002432326485,0.0,0.012479002432326485,20
"LUAD,MIA",macrophage,CD74,ITGAV,0.01150344989535378,0.0,0.01150344989535378,21
"LUAD,MIA",macrophage,CD74,MCEMP1,0.011477329464456123,0.0,0.011477329464456123,22
"LUAD,MIA",macrophage,CD74,S100A8,0.011465073351093834,0.0,0.011465073351093834,23
"LUAD,MIA",macrophage,CD74,LPL,0.011087353920065875,0.0,0.011087353920065875,24
"LUAD,MIA",macrophage,CD74,GPD1,0.01055579853957385,0.0,0.01055579853957385,25
"LUAD,MIA",macrophage,CD74,CD44,0.01044528621687629,0.0,0.01044528621687629,26
"LUAD,MIA",macrophage,CD74,RBP4,0.010236201868351957,0.0,0.010236201868351957,27
"LUAD,MIA",macrophage,CD74,FABP4,0.010122121050274092,0.0,0.010122121050274092,28
"LUAD,MIA",macrophage,CD74,ITGB1,0.009966649668576587,0.0,0.009966649668576587,29
"LUAD,MIA",macrophage,CD74,FABP3,0.009520322770972657,0.0,0.009520322770972657,30
"LUAD,MIA",macrophage,CD74,INHBA,0.00857188555445882,0.0,0.00857188555445882,31
"LUAD,MIA",macrophage,CD74,MME,0.008291001290460509,0.0,0.008291001290460509,32
"LUAD,MIA",macrophage,CD74,PPARG,0.0082897575672294,0.0,0.0082897575672294,33
"LUAD,MIA",macrophage,CD74,RAB42,0.007962646845429227,0.0,0.007962646845429227,34
"LUAD,MIA",macrophage,CD74,LGALS2,0.007950395991161385,0.0,0.007950395991161385,35
"LUAD,MIA",macrophage,CD74,GLDN,0.007636570026446541,0.0,0.007636570026446541,36
"LUAD,MIA",macrophage,CD74,FAM89A,0.00756854467308458,0.0,0.00756854467308458,37
"LUAD,MIA",macrophage,CD74,CXCR4,0.007522396960710647,0.0,0.007522396960710647,38
"LUAD,MIA",macrophage,CD74,NUCKS1,0.007515455912149328,0.0,0.007515455912149328,39
"LUAD,MIA",macrophage,CD74,SLC19A3,0.007246528015142053,0.0,0.007246528015142053,40
"LUAD,MIA",macrophage,CD74,SPINT1,0.007228154416423508,0.0,0.007228154416423508,41
"LUAD,MIA",macrophage,CD74,CXCL10,0.007191514569884173,0.0,0.007191514569884173,42
"LUAD,MIA",macrophage,CD74,CHIT1,0.00717853254908412,0.0,0.00717853254908412,43
"LUAD,MIA",macrophage,CD74,ECI1,0.0067629455202104834,0.0,0.0067629455202104834,44
"LUAD,MIA",macrophage,CD74,MIF,0.006630693416896738,0.0,0.006630693416896738,45
"LUAD,MIA",macrophage,CD74,KRT8,0.006613655505906645,0.0,0.006613655505906645,46
"LUAD,MIA",macrophage,CD74,HMGB2,0.0060181304028306655,0.0,0.0060181304028306655,47
"LUAD,MIA",macrophage,CD74,CD1C,0.006007088067484936,0.0,0.006007088067484936,48
"LUAD,MIA",macrophage,CD74,ATP6V0D2,0.0058126981337043755,0.0,0.0058126981337043755,49
"LUAD,MIA",macrophage,CD74,CKS1B,0.005533563454859262,0.0,0.005533563454859262,50
"LUAD,MIA",macrophage,CD74,NFKBIA,0.005467056336267397,0.0,0.005467056336267397,51
"LUAD,MIA",macrophage,CD74,DEK,0.005108861722870725,0.0,0.005108861722870725,52
"LUAD,MIA",macrophage,CD74,MDK,0.005037959856582522,0.0,0.005037959856582522,53
"LUAD,MIA",macrophage,CD74,HAMP,0.005016452760500846,0.0,0.005016452760500846,54
"LUAD,MIA",macrophage,CD74,NUSAP1,0.0044628846532626006,0.0,0.0044628846532626006,55
"LUAD,MIA",macrophage,CD74,TMEM106C,0.0037175620852880897,0.0,0.0037175620852880897,56
"LUAD,MIA",macrophage,CD74,RAB11FIP1,0.002258472347427067,0.0,0.002258472347427067,57
"LUAD,MIA",macrophage,CD74,ITGA5,0.001964938067774904,0.0,0.001964938067774904,58
"LUAD,MIA",macrophage,CD74,SDS,0.0018212656573812999,0.0,0.0018212656573812999,59
"LUAD,MIA",macrophage,CD74,RND3,0.0017862883216017756,0.0,0.0017862883216017756,60
"LUAD,MIA",macrophage,CD74,CLDN7,0.0016941866074047043,0.0,0.0016941866074047043,61
"LUAD,MIA",macrophage,CD74,GDF15,0.0016298618140577704,0.0,0.0016298618140577704,62
"LUAD,MIA",macrophage,CD74,CLDN4,0.0013696222352410632,0.0,0.0013696222352410632,63
"LUAD,MIA",macrophage,CD74,GPR183,0.0012963514120974237,0.0,0.0012963514120974237,64
"LUAD,MIA",macrophage,CD74,SPP1,0.0012653869950212556,0.0,0.0012653869950212556,65
"LUAD,MIA",macrophage,CD74,TYMS,0.001264976199329137,0.0,0.001264976199329137,66
"LUAD,MIA",macrophage,CD74,EPCAM,0.0012589486030494615,0.0,0.0012589486030494615,67
"LUAD,MIA",macrophage,CD74,STMN1,0.0012266946715495993,0.0,0.0012266946715495993,68
"LUAD,MIA",macrophage,CD74,MYBL2,0.001198299609295503,0.0,0.001198299609295503,69
"LUAD,MIA",macrophage,CD74,CCL3,0.0011331054765473022,0.0,0.0011331054765473022,70
"LUAD,MIA",macrophage,CD74,MKI67,0.0011262749599667678,0.0,0.0011262749599667678,71
"LUAD,MIA",macrophage,CD74,TOP2A,0.001112952834973168,0.0,0.001112952834973168,72
"LUAD,MIA",macrophage,CD74,SERPINB9,0.0010892040974574584,0.0,0.0010892040974574584,73
"LUAD,MIA",macrophage,CD74,TK1,0.0010221858293521415,0.0,0.0010221858293521415,74
"LUAD,MIA",macrophage,CD74,SIVA1,0.0010151837893018758,0.0,0.0010151837893018758,75
"LUAD,MIA",macrophage,CD74,PRDM1,0.0009927296997749126,0.0,0.0009927296997749126,76
"LUAD,MIA",macrophage,CD74,TACSTD2,0.0009901919773807899,0.0,0.0009901919773807899,77
"LUAD,MIA",macrophage,CD74,PDE4B,0.0009294480550384674,0.0,0.0009294480550384674,78
"LUAD,MIA",macrophage,CD74,SOX4,0.000905817658736884,0.0,0.000905817658736884,79
"LUAD,MIA",macrophage,CD74,PCNA,0.0008675088607760956,0.0,0.0008675088607760956,80
"LUAD,MIA",macrophage,CD74,KRT7,0.0008266193789619242,0.0,0.0008266193789619242,81
"LUAD,MIA",macrophage,CD74,IL1RAP,0.0008081995762647272,0.0,0.0008081995762647272,82
"LUAD,MIA",macrophage,CD74,UBE2C,0.0007733418562487364,0.0,0.0007733418562487364,83
"LUAD,MIA",macrophage,CD74,TNF,0.0007504689924896867,0.0,0.0007504689924896867,84
"LUAD,MIA",macrophage,CD74,CST6,0.0007307707110481435,0.0,0.0007307707110481435,85
"LUAD,MIA",macrophage,CD74,IL1R1,0.0007164257857637382,0.0,0.0007164257857637382,86
"LUAD,MIA",macrophage,CD74,CYP4B1,0.0006853073176621212,0.0,0.0006853073176621212,87
"LUAD,MIA",macrophage,CD74,CCL17,0.0006807733092513127,0.0,0.0006807733092513127,88
"LUAD,MIA",macrophage,CD74,EEPD1,0.0006768471520750496,0.0,0.0006768471520750496,89
"LUAD,MIA",macrophage,CD74,CD24,0.0006258363379914393,0.0,0.0006258363379914393,90
"LUAD,MIA",macrophage,CD74,IFT57,0.0005961295530590478,0.0,0.0005961295530590478,91
"LUAD,MIA",macrophage,CD74,UBE2T,0.00058671949434909,0.0,0.00058671949434909,92
"LUAD,MIA",macrophage,CD74,CAMK1,0.0005671531222565335,0.0,0.0005671531222565335,93
"LUAD,MIA",macrophage,CD74,EMP2,0.0005523374278731134,0.0,0.0005523374278731134,94
"LUAD,MIA",macrophage,CD74,PPIF,0.000549274070364432,0.0,0.000549274070364432,95
"LUAD,MIA",macrophage,CD74,CLDN3,0.0005220392217833772,0.0,0.0005220392217833772,96
"LUAD,MIA",macrophage,CD74,AZU1,0.0004874386180818532,0.0,0.0004874386180818532,97
"LUAD,MIA",macrophage,CD74,KRT19,0.0004867531248481578,0.0,0.0004867531248481578,98
"LUAD,MIA",macrophage,CD74,CARHSP1,0.0004849410762482487,0.0,0.0004849410762482487,99
"LUAD,MIA",macrophage,CD74,TNFRSF12A,0.00048420132787330665,0.0,0.00048420132787330665,100
"LUAD,MIA",macrophage,CD74,ANXA3,0.0004608391632068894,0.0,0.0004608391632068894,101
"LUAD,MIA",macrophage,CD74,PERP,0.00043763776168743095,0.0,0.00043763776168743095,102
"LUAD,MIA",macrophage,CD74,OTOA,0.0004364108838674983,0.0,0.0004364108838674983,103
"LUAD,MIA",macrophage,CD74,CXCL8,0.00042337115184344783,0.0,0.00042337115184344783,104
"LUAD,MIA",macrophage,CD74,CCL4L2,0.00041260850285241993,0.0,0.00041260850285241993,105
"LUAD,MIA",macrophage,CD74,HMGB3,0.00040849210506216436,0.0,0.00040849210506216436,106
"LUAD,MIA",macrophage,CD74,DUT,0.0003924068927557592,0.0,0.0003924068927557592,107
"LUAD,MIA",macrophage,CD74,IL1B,0.00038637709670776704,0.0,0.00038637709670776704,108
"LUAD,MIA",macrophage,CD74,G0S2,0.00038614540255771395,0.0,0.00038614540255771395,109
"LUAD,MIA",macrophage,CD74,CCL4,0.0003676225997359863,0.0,0.0003676225997359863,110
"LUAD,MIA",macrophage,CD74,NLRP3,0.00032373774017750625,0.0,0.00032373774017750625,111
"LUAD,MIA",macrophage,CD74,PLPP2,0.00029906992386002196,0.0,0.00029906992386002196,112
"LUAD,MIA",macrophage,CD74,HBB,0.00029139619550970383,0.0,0.00029139619550970383,113
"LUAD,MIA",macrophage,CD74,CXCR3,0.00023882675461195586,0.0,0.00023882675461195586,114
"LUAD,MIA",macrophage,CD74,EREG,0.00018582361296816917,0.0,0.00018582361296816917,115
"LUAD,MIA",macrophage,CD44,MCEMP1,0.023126402390104828,0.0,0.023126402390104828,1
"LUAD,MIA",macrophage,CD44,MARCO,0.02153366041062383,0.0,0.02153366041062383,2
"LUAD,MIA",macrophage,CD44,ANXA2,0.0215110248171125,0.0,0.0215110248171125,3
"LUAD,MIA",macrophage,CD44,LTA4H,0.020364750111753017,0.0,0.020364750111753017,4
"LUAD,MIA",macrophage,CD44,LGALS3,0.01977966634926174,0.0,0.01977966634926174,5
"LUAD,MIA",macrophage,CD44,GCHFR,0.018852970583445247,0.0,0.018852970583445247,6
"LUAD,MIA",macrophage,CD44,INHBA,0.01866615103889292,0.0,0.01866615103889292,7
"LUAD,MIA",macrophage,CD44,PPARG,0.018119515471858857,0.0,0.018119515471858857,8
"LUAD,MIA",macrophage,CD44,CYP27A1,0.018117206044091706,0.0,0.018117206044091706,9
"LUAD,MIA",macrophage,CD44,IFI6,0.017940755187881702,0.0,0.017940755187881702,10
"LUAD,MIA",macrophage,CD44,S100A8,0.017878032948440526,0.0,0.017878032948440526,11
"LUAD,MIA",macrophage,CD44,FABP4,0.017779472532568046,0.0,0.017779472532568046,12
"LUAD,MIA",macrophage,CD44,GPD1,0.016964884274585607,0.0,0.016964884274585607,13
"LUAD,MIA",macrophage,CD44,APOC1,0.01665508931954507,0.0,0.01665508931954507,14
"LUAD,MIA",macrophage,CD44,ACP5,0.015769631134754086,0.0,0.015769631134754086,15
"LUAD,MIA",macrophage,CD44,LPL,0.01565040906911502,0.0,0.01565040906911502,16
"LUAD,MIA",macrophage,CD44,MME,0.01480231556972822,0.0,0.01480231556972822,17
"LUAD,MIA",macrophage,CD44,FAM89A,0.014441707284124085,0.0,0.014441707284124085,18
"LUAD,MIA",macrophage,CD44,SLC19A3,0.014011386811890516,0.0,0.014011386811890516,19
"LUAD,MIA",macrophage,CD44,CD74,0.012269752306250045,0.0,0.012269752306250045,20
"LUAD,MIA",macrophage,CD44,CXCL9,0.012268075326402101,0.0,0.012268075326402101,21
"LUAD,MIA",macrophage,CD44,GLDN,0.011532628707874073,0.0,0.011532628707874073,22
"LUAD,MIA",macrophage,CD44,ITGA5,0.011529152313688406,0.0,0.011529152313688406,23
"LUAD,MIA",macrophage,CD44,IL1RAP,0.011269269090045652,0.0,0.011269269090045652,24
"LUAD,MIA",macrophage,CD44,RBP4,0.01110951479694655,0.0,0.01110951479694655,25
"LUAD,MIA",macrophage,CD44,APOE,0.01093433779513806,0.0,0.01093433779513806,26
"LUAD,MIA",macrophage,CD44,RND3,0.010511814721067478,0.0,0.010511814721067478,27
"LUAD,MIA",macrophage,CD44,TREM2,0.010031775890955266,0.0,0.010031775890955266,28
"LUAD,MIA",macrophage,CD44,LRP1,0.009673704971922024,0.0,0.009673704971922024,29
"LUAD,MIA",macrophage,CD44,SPINT1,0.009464650452332194,0.0,0.009464650452332194,30
"LUAD,MIA",macrophage,CD44,PPIF,0.008948354320945363,0.0,0.008948354320945363,31
"LUAD,MIA",macrophage,CD44,NFKBIA,0.008586460446593586,0.0,0.008586460446593586,32
"LUAD,MIA",macrophage,CD44,MIF,0.008580535840895015,0.0,0.008580535840895015,33
"LUAD,MIA",macrophage,CD44,C1QB,0.008563073512186622,0.0,0.008563073512186622,34
"LUAD,MIA",macrophage,CD44,ADAMDEC1,0.008377477690972312,0.0,0.008377477690972312,35
"LUAD,MIA",macrophage,CD44,ECI1,0.007981637236082688,0.0,0.007981637236082688,36
"LUAD,MIA",macrophage,CD44,ATP6V0D2,0.007748067079806825,0.0,0.007748067079806825,37
"LUAD,MIA",macrophage,CD44,RAB11FIP1,0.007658733263630453,0.0,0.007658733263630453,38
"LUAD,MIA",macrophage,CD44,LGALS2,0.0075074917739761824,0.0,0.0075074917739761824,39
"LUAD,MIA",macrophage,CD44,PLA2G7,0.0073096680290731745,0.0,0.0073096680290731745,40
"LUAD,MIA",macrophage,CD44,CXCL10,0.007267917336000935,0.0,0.007267917336000935,41
"LUAD,MIA",macrophage,CD44,HMGB2,0.007181019648748502,0.0,0.007181019648748502,42
"LUAD,MIA",macrophage,CD44,SERPINB9,0.006914627540758494,0.0,0.006914627540758494,43
"LUAD,MIA",macrophage,CD44,C1QC,0.0069127401055093015,0.0,0.0069127401055093015,44
"LUAD,MIA",macrophage,CD44,CXCL8,0.006793454224707877,0.0,0.006793454224707877,45
"LUAD,MIA",macrophage,CD44,CKS1B,0.00664864234132161,0.0,0.00664864234132161,46
"LUAD,MIA",macrophage,CD44,CCL4,0.006624313216888319,0.0,0.006624313216888319,47
"LUAD,MIA",macrophage,CD44,TNFRSF12A,0.006536911980380352,0.0,0.006536911980380352,48
"LUAD,MIA",macrophage,CD44,ITGB1,0.006468368697840555,0.0,0.006468368697840555,49
"LUAD,MIA",macrophage,CD44,FABP3,0.006440320746076886,0.0,0.006440320746076886,50
"LUAD,MIA",macrophage,CD44,CLEC10A,0.006113761913144253,0.0,0.006113761913144253,51
"LUAD,MIA",macrophage,CD44,GPR183,0.005859305369898489,0.0,0.005859305369898489,52
"LUAD,MIA",macrophage,CD44,SIVA1,0.005852797600279426,0.0,0.005852797600279426,53
"LUAD,MIA",macrophage,CD44,CHIT1,0.005765403474349835,0.0,0.005765403474349835,54
"LUAD,MIA",macrophage,CD44,PDE4B,0.005758989354418118,0.0,0.005758989354418118,55
"LUAD,MIA",macrophage,CD44,CLDN7,0.005589866345474941,0.0,0.005589866345474941,56
"LUAD,MIA",macrophage,CD44,SPP1,0.005533118870212082,0.0,0.005533118870212082,57
"LUAD,MIA",macrophage,CD44,MDK,0.005241616159293139,0.0,0.005241616159293139,58
"LUAD,MIA",macrophage,CD44,DEK,0.0050996749088650485,0.0,0.0050996749088650485,59
"LUAD,MIA",macrophage,CD44,AZU1,0.004751887725313116,0.0,0.004751887725313116,60
"LUAD,MIA",macrophage,CD44,EREG,0.004728131301383459,0.0,0.004728131301383459,61
"LUAD,MIA",macrophage,CD44,CXCR4,0.004526248589035003,0.0,0.004526248589035003,62
"LUAD,MIA",macrophage,CD44,C1QA,0.004381393155835361,0.0,0.004381393155835361,63
"LUAD,MIA",macrophage,CD44,PCNA,0.004141798998254024,0.0,0.004141798998254024,64
"LUAD,MIA",macrophage,CD44,CCL17,0.0034994515186088405,0.0,0.0034994515186088405,65
"LUAD,MIA",macrophage,CD44,NUCKS1,0.002217427990491072,0.0,0.002217427990491072,66
"LUAD,MIA",macrophage,CD44,RAB42,0.0021610206990281848,0.0,0.0021610206990281848,67
"LUAD,MIA",macrophage,CD44,CCL3,0.002061220508643893,0.0,0.002061220508643893,68
"LUAD,MIA",macrophage,CD44,ITGAV,0.001916206840969898,0.0,0.001916206840969898,69
"LUAD,MIA",macrophage,CD44,IL1B,0.0018030058660041298,0.0,0.0018030058660041298,70
"LUAD,MIA",macrophage,CD44,GDF15,0.0017887399575386223,0.0,0.0017887399575386223,71
"LUAD,MIA",macrophage,CD44,SDS,0.001655436651190288,0.0,0.001655436651190288,72
"LUAD,MIA",macrophage,CD44,CCL4L2,0.001598261931907836,0.0,0.001598261931907836,73
"LUAD,MIA",macrophage,CD44,KRT8,0.0014487439219166855,0.0,0.0014487439219166855,74
"LUAD,MIA",macrophage,CD44,HAMP,0.0013922533223092288,0.0,0.0013922533223092288,75
"LUAD,MIA",macrophage,CD44,CLDN4,0.001369408804677127,0.0,0.001369408804677127,76
"LUAD,MIA",macrophage,CD44,TYMS,0.001306941993272353,0.0,0.001306941993272353,77
"LUAD,MIA",macrophage,CD44,NUSAP1,0.0012646453025417345,0.0,0.0012646453025417345,78
"LUAD,MIA",macrophage,CD44,STMN1,0.00126050710187242,0.0,0.00126050710187242,79
"LUAD,MIA",macrophage,CD44,MYBL2,0.001188905685746249,0.0,0.001188905685746249,80
"LUAD,MIA",macrophage,CD44,G0S2,0.0011768652595111101,0.0,0.0011768652595111101,81
"LUAD,MIA",macrophage,CD44,SOX4,0.0011700869751168786,0.0,0.0011700869751168786,82
"LUAD,MIA",macrophage,CD44,MKI67,0.001140463712530931,0.0,0.001140463712530931,83
"LUAD,MIA",macrophage,CD44,TNF,0.0011303059939927625,0.0,0.0011303059939927625,84
"LUAD,MIA",macrophage,CD44,EPCAM,0.0010967745980280648,0.0,0.0010967745980280648,85
"LUAD,MIA",macrophage,CD44,PRDM1,0.0010655950356853528,0.0,0.0010655950356853528,86
"LUAD,MIA",macrophage,CD44,TOP2A,0.0010463306723315496,0.0,0.0010463306723315496,87
"LUAD,MIA",macrophage,CD44,TACSTD2,0.0010267347486082384,0.0,0.0010267347486082384,88
"LUAD,MIA",macrophage,CD44,TK1,0.0010049206876259556,0.0,0.0010049206876259556,89
"LUAD,MIA",macrophage,CD44,CD1C,0.0009613404981894658,0.0,0.0009613404981894658,90
"LUAD,MIA",macrophage,CD44,IL1R1,0.0009073836572669694,0.0,0.0009073836572669694,91
"LUAD,MIA",macrophage,CD44,IFT57,0.0008895555462572447,0.0,0.0008895555462572447,92
"LUAD,MIA",macrophage,CD44,CYP4B1,0.0008426673107024711,0.0,0.0008426673107024711,93
"LUAD,MIA",macrophage,CD44,NLRP3,0.0008317926465565546,0.0,0.0008317926465565546,94
"LUAD,MIA",macrophage,CD44,CST6,0.0008136988017345313,0.0,0.0008136988017345313,95
"LUAD,MIA",macrophage,CD44,ANXA3,0.000778877313795443,0.0,0.000778877313795443,96
"LUAD,MIA",macrophage,CD44,UBE2C,0.000766414475609753,0.0,0.000766414475609753,97
"LUAD,MIA",macrophage,CD44,KRT7,0.0007640018498782062,0.0,0.0007640018498782062,98
"LUAD,MIA",macrophage,CD44,PERP,0.0006850144096609584,0.0,0.0006850144096609584,99
"LUAD,MIA",macrophage,CD44,TMEM106C,0.0006549010830418827,0.0,0.0006549010830418827,100
"LUAD,MIA",macrophage,CD44,CARHSP1,0.0006507475910476648,0.0,0.0006507475910476648,101
"LUAD,MIA",macrophage,CD44,CLDN3,0.0006355198325972023,0.0,0.0006355198325972023,102
"LUAD,MIA",macrophage,CD44,CAMK1,0.0006086948493539976,0.0,0.0006086948493539976,103
"LUAD,MIA",macrophage,CD44,FOLR2,0.0005768623679800501,0.0,0.0005768623679800501,104
"LUAD,MIA",macrophage,CD44,DUT,0.0005651528926937939,0.0,0.0005651528926937939,105
"LUAD,MIA",macrophage,CD44,CD24,0.000563808454914011,0.0,0.000563808454914011,106
"LUAD,MIA",macrophage,CD44,UBE2T,0.0005499622306866473,0.0,0.0005499622306866473,107
"LUAD,MIA",macrophage,CD44,KRT19,0.0005053043767760869,0.0,0.0005053043767760869,108
"LUAD,MIA",macrophage,CD44,HMGB3,0.000451297796333502,0.0,0.000451297796333502,109
"LUAD,MIA",macrophage,CD44,OTOA,0.0004041839748533346,0.0,0.0004041839748533346,110
"LUAD,MIA",macrophage,CD44,EMP2,0.000359313941112629,0.0,0.000359313941112629,111
"LUAD,MIA",macrophage,CD44,HBB,0.0003241368363405971,0.0,0.0003241368363405971,112
"LUAD,MIA",macrophage,CD44,EEPD1,0.0003208896232049315,0.0,0.0003208896232049315,113
"LUAD,MIA",macrophage,CD44,CXCR3,0.0002820823016427064,0.0,0.0002820823016427064,114
"LUAD,MIA",macrophage,CD44,PLPP2,0.0002557079903815927,0.0,0.0002557079903815927,115
"LUAD,MIA",macrophage,CXCR4,GPR183,0.03755774768880167,0.0,0.03755774768880167,1
"LUAD,MIA",macrophage,CXCR4,ADAMDEC1,0.036823776695116224,0.0,0.036823776695116224,2
"LUAD,MIA",macrophage,CXCR4,PRDM1,0.03365751618736326,0.0,0.03365751618736326,3
"LUAD,MIA",macrophage,CXCR4,CXCR3,0.03179321728978826,0.0,0.03179321728978826,4
"LUAD,MIA",macrophage,CXCR4,PDE4B,0.0304793482592958,0.0,0.0304793482592958,5
"LUAD,MIA",macrophage,CXCR4,PLA2G7,0.027371846458786566,0.0,0.027371846458786566,6
"LUAD,MIA",macrophage,CXCR4,CXCL9,0.026418919875309047,0.0,0.026418919875309047,7
"LUAD,MIA",macrophage,CXCR4,APOE,0.02608844529700872,0.0,0.02608844529700872,8
"LUAD,MIA",macrophage,CXCR4,HMGB2,0.0255639550556189,0.0,0.0255639550556189,9
"LUAD,MIA",macrophage,CXCR4,CD74,0.02436998401286946,0.0,0.02436998401286946,10
"LUAD,MIA",macrophage,CXCR4,SERPINB9,0.023997631702278543,0.0,0.023997631702278543,11
"LUAD,MIA",macrophage,CXCR4,ITGAV,0.022620970920357454,0.0,0.022620970920357454,12
"LUAD,MIA",macrophage,CXCR4,NFKBIA,0.022420541533366724,0.0,0.022420541533366724,13
"LUAD,MIA",macrophage,CXCR4,MYBL2,0.020708434304621732,0.0,0.020708434304621732,14
"LUAD,MIA",macrophage,CXCR4,C1QC,0.019321344583261336,0.0,0.019321344583261336,15
"LUAD,MIA",macrophage,CXCR4,SDS,0.01803539640084349,0.0,0.01803539640084349,16
"LUAD,MIA",macrophage,CXCR4,RAB42,0.017832574433328672,0.0,0.017832574433328672,17
"LUAD,MIA",macrophage,CXCR4,CLEC10A,0.017348572809762007,0.0,0.017348572809762007,18
"LUAD,MIA",macrophage,CXCR4,HAMP,0.01498905181575649,0.0,0.01498905181575649,19
"LUAD,MIA",macrophage,CXCR4,ECI1,0.014350674593130719,0.0,0.014350674593130719,20
"LUAD,MIA",macrophage,CXCR4,MIF,0.013905970330212297,0.0,0.013905970330212297,21
"LUAD,MIA",macrophage,CXCR4,ACP5,0.013468455563977876,0.0,0.013468455563977876,22
"LUAD,MIA",macrophage,CXCR4,PPIF,0.013057350713953489,0.0,0.013057350713953489,23
"LUAD,MIA",macrophage,CXCR4,TYMS,0.012868006028738018,0.0,0.012868006028738018,24
"LUAD,MIA",macrophage,CXCR4,CKS1B,0.012659834870378696,0.0,0.012659834870378696,25
"LUAD,MIA",macrophage,CXCR4,CD44,0.012483085592608087,0.0,0.012483085592608087,26
"LUAD,MIA",macrophage,CXCR4,NUSAP1,0.011103488167175801,0.0,0.011103488167175801,27
"LUAD,MIA",macrophage,CXCR4,C1QB,0.005329645831340506,0.0,0.005329645831340506,28
"LUAD,MIA",macrophage,CXCR4,C1QA,0.004620614115524557,0.0,0.004620614115524557,29
"LUAD,MIA",macrophage,CXCR4,CXCL10,0.004532984402412132,0.0,0.004532984402412132,30
"LUAD,MIA",macrophage,CXCR4,APOC1,0.004521364313704089,0.0,0.004521364313704089,31
"LUAD,MIA",macrophage,CXCR4,ANXA2,0.004301520295304414,0.0,0.004301520295304414,32
"LUAD,MIA",macrophage,CXCR4,IFI6,0.0036515395414527595,0.0,0.0036515395414527595,33
"LUAD,MIA",macrophage,CXCR4,LGALS3,0.003520848867710184,0.0,0.003520848867710184,34
"LUAD,MIA",macrophage,CXCR4,MKI67,0.003341601321489784,0.0,0.003341601321489784,35
"LUAD,MIA",macrophage,CXCR4,CYP27A1,0.0033125554169994723,0.0,0.0033125554169994723,36
"LUAD,MIA",macrophage,CXCR4,LGALS2,0.0032905466786776966,0.0,0.0032905466786776966,37
"LUAD,MIA",macrophage,CXCR4,IL1B,0.003287349815359541,0.0,0.003287349815359541,38
"LUAD,MIA",macrophage,CXCR4,LTA4H,0.0029389506557112796,0.0,0.0029389506557112796,39
"LUAD,MIA",macrophage,CXCR4,TREM2,0.0029267386201273283,0.0,0.0029267386201273283,40
"LUAD,MIA",macrophage,CXCR4,NLRP3,0.002888859109817267,0.0,0.002888859109817267,41
"LUAD,MIA",macrophage,CXCR4,CHIT1,0.0027842605641736325,0.0,0.0027842605641736325,42
"LUAD,MIA",macrophage,CXCR4,TMEM106C,0.0027090529652797142,0.0,0.0027090529652797142,43
"LUAD,MIA",macrophage,CXCR4,TOP2A,0.0026438759849695907,0.0,0.0026438759849695907,44
"LUAD,MIA",macrophage,CXCR4,S100A8,0.0024736954644664585,0.0,0.0024736954644664585,45
"LUAD,MIA",macrophage,CXCR4,LRP1,0.002466037518622167,0.0,0.002466037518622167,46
"LUAD,MIA",macrophage,CXCR4,GCHFR,0.002423562574608796,0.0,0.002423562574608796,47
"LUAD,MIA",macrophage,CXCR4,KRT8,0.002419229386446814,0.0,0.002419229386446814,48
"LUAD,MIA",macrophage,CXCR4,CCL3,0.0024117500635733344,0.0,0.0024117500635733344,49
"LUAD,MIA",macrophage,CXCR4,NUCKS1,0.00241065563058697,0.0,0.00241065563058697,50
"LUAD,MIA",macrophage,CXCR4,CCL4,0.0023924841603038035,0.0,0.0023924841603038035,51
"LUAD,MIA",macrophage,CXCR4,EREG,0.002382657114880269,0.0,0.002382657114880269,52
"LUAD,MIA",macrophage,CXCR4,FABP3,0.0023479527167877445,0.0,0.0023479527167877445,53
"LUAD,MIA",macrophage,CXCR4,TK1,0.002123916750172381,0.0,0.002123916750172381,54
"LUAD,MIA",macrophage,CXCR4,ATP6V0D2,0.0020739811808221475,0.0,0.0020739811808221475,55
"LUAD,MIA",macrophage,CXCR4,CXCL8,0.0020685387544326626,0.0,0.0020685387544326626,56
"LUAD,MIA",macrophage,CXCR4,MARCO,0.001986864576939304,0.0,0.001986864576939304,57
"LUAD,MIA",macrophage,CXCR4,CLDN4,0.001829610844994967,0.0,0.001829610844994967,58
"LUAD,MIA",macrophage,CXCR4,IFT57,0.0017984780113404625,0.0,0.0017984780113404625,59
"LUAD,MIA",macrophage,CXCR4,CCL4L2,0.0017707415034869643,0.0,0.0017707415034869643,60
"LUAD,MIA",macrophage,CXCR4,STMN1,0.001732745763062189,0.0,0.001732745763062189,61
"LUAD,MIA",macrophage,CXCR4,ITGB1,0.0017297986431811566,0.0,0.0017297986431811566,62
"LUAD,MIA",macrophage,CXCR4,MDK,0.0016167560386424716,0.0,0.0016167560386424716,63
"LUAD,MIA",macrophage,CXCR4,CAMK1,0.001594222243158473,0.0,0.001594222243158473,64
"LUAD,MIA",macrophage,CXCR4,UBE2C,0.001593019839934207,0.0,0.001593019839934207,65
"LUAD,MIA",macrophage,CXCR4,ITGA5,0.001570116519489732,0.0,0.001570116519489732,66
"LUAD,MIA",macrophage,CXCR4,SPINT1,0.0015423770679123213,0.0,0.0015423770679123213,67
"LUAD,MIA",macrophage,CXCR4,FOLR2,0.0015402541382054415,0.0,0.0015402541382054415,68
"LUAD,MIA",macrophage,CXCR4,DEK,0.0015119709251679412,0.0,0.0015119709251679412,69
"LUAD,MIA",macrophage,CXCR4,CD1C,0.0015005299659072058,0.0,0.0015005299659072058,70
"LUAD,MIA",macrophage,CXCR4,IL1R1,0.0014447056623239462,0.0,0.0014447056623239462,71
"LUAD,MIA",macrophage,CXCR4,SIVA1,0.0014374044923539373,0.0,0.0014374044923539373,72
"LUAD,MIA",macrophage,CXCR4,PPARG,0.0014108502972821134,0.0,0.0014108502972821134,73
"LUAD,MIA",macrophage,CXCR4,CCL17,0.0013751865160187208,0.0,0.0013751865160187208,74
"LUAD,MIA",macrophage,CXCR4,IL1RAP,0.0013502643276285596,0.0,0.0013502643276285596,75
"LUAD,MIA",macrophage,CXCR4,SPP1,0.0013334637457537257,0.0,0.0013334637457537257,76
"LUAD,MIA",macrophage,CXCR4,LPL,0.0013117179499991258,0.0,0.0013117179499991258,77
"LUAD,MIA",macrophage,CXCR4,UBE2T,0.0012941077538531085,0.0,0.0012941077538531085,78
"LUAD,MIA",macrophage,CXCR4,RBP4,0.0012779824003411762,0.0,0.0012779824003411762,79
"LUAD,MIA",macrophage,CXCR4,G0S2,0.0012679554141568645,0.0,0.0012679554141568645,80
"LUAD,MIA",macrophage,CXCR4,MCEMP1,0.0011929368041147881,0.0,0.0011929368041147881,81
"LUAD,MIA",macrophage,CXCR4,PCNA,0.0011544584897548327,0.0,0.0011544584897548327,82
"LUAD,MIA",macrophage,CXCR4,TACSTD2,0.001150959764663105,0.0,0.001150959764663105,83
"LUAD,MIA",macrophage,CXCR4,EEPD1,0.0011348385661289903,0.0,0.0011348385661289903,84
"LUAD,MIA",macrophage,CXCR4,GPD1,0.0011272259275820404,0.0,0.0011272259275820404,85
"LUAD,MIA",macrophage,CXCR4,EPCAM,0.0011266522881074083,0.0,0.0011266522881074083,86
"LUAD,MIA",macrophage,CXCR4,SOX4,0.0010715541161766266,0.0,0.0010715541161766266,87
"LUAD,MIA",macrophage,CXCR4,FABP4,0.0010026012632578126,0.0,0.0010026012632578126,88
"LUAD,MIA",macrophage,CXCR4,CST6,0.0009638018420493534,0.0,0.0009638018420493534,89
"LUAD,MIA",macrophage,CXCR4,RAB11FIP1,0.0009504006833319452,0.0,0.0009504006833319452,90
"LUAD,MIA",macrophage,CXCR4,INHBA,0.0009168112867410122,0.0,0.0009168112867410122,91
"LUAD,MIA",macrophage,CXCR4,HMGB3,0.0008558574668379086,0.0,0.0008558574668379086,92
"LUAD,MIA",macrophage,CXCR4,MME,0.000854207941901953,0.0,0.000854207941901953,93
"LUAD,MIA",macrophage,CXCR4,GDF15,0.0008532178953512084,0.0,0.0008532178953512084,94
"LUAD,MIA",macrophage,CXCR4,GLDN,0.0008093737612223301,0.0,0.0008093737612223301,95
"LUAD,MIA",macrophage,CXCR4,DUT,0.0008071465040843115,0.0,0.0008071465040843115,96
"LUAD,MIA",macrophage,CXCR4,KRT7,0.0007640140219592123,0.0,0.0007640140219592123,97
"LUAD,MIA",macrophage,CXCR4,SLC19A3,0.0007086256591970594,0.0,0.0007086256591970594,98
"LUAD,MIA",macrophage,CXCR4,PERP,0.0006871361756671686,0.0,0.0006871361756671686,99
"LUAD,MIA",macrophage,CXCR4,FAM89A,0.0006840711592180815,0.0,0.0006840711592180815,100
"LUAD,MIA",macrophage,CXCR4,CARHSP1,0.0006425682605943573,0.0,0.0006425682605943573,101
"LUAD,MIA",macrophage,CXCR4,TNFRSF12A,0.0006283790993942386,0.0,0.0006283790993942386,102
"LUAD,MIA",macrophage,CXCR4,CLDN3,0.0005950323687660841,0.0,0.0005950323687660841,103
"LUAD,MIA",macrophage,CXCR4,RND3,0.0005887723261528623,0.0,0.0005887723261528623,104
"LUAD,MIA",macrophage,CXCR4,ANXA3,0.0005792956234689575,0.0,0.0005792956234689575,105
"LUAD,MIA",macrophage,CXCR4,AZU1,0.0005198741821747199,0.0,0.0005198741821747199,106
"LUAD,MIA",macrophage,CXCR4,OTOA,0.0004935741622061134,0.0,0.0004935741622061134,107
"LUAD,MIA",macrophage,CXCR4,CD24,0.00044896685885635764,0.0,0.00044896685885635764,108
"LUAD,MIA",macrophage,CXCR4,CLDN7,0.00043988708636031053,0.0,0.00043988708636031053,109
"LUAD,MIA",macrophage,CXCR4,EMP2,0.0004366163169491878,0.0,0.0004366163169491878,110
"LUAD,MIA",macrophage,CXCR4,PLPP2,0.0004154422390825497,0.0,0.0004154422390825497,111
"LUAD,MIA",macrophage,CXCR4,TNF,0.0003840573326865772,0.0,0.0003840573326865772,112
"LUAD,MIA",macrophage,CXCR4,KRT19,0.00037244405347090423,0.0,0.00037244405347090423,113
"LUAD,MIA",macrophage,CXCR4,CYP4B1,0.00035182320784462765,0.0,0.00035182320784462765,114
"LUAD,MIA",macrophage,CXCR4,HBB,0.00031866522348977116,0.0,0.00031866522348977116,115
"LUAD,MIA",macrophage,SPP1,TREM2,0.03413803649981274,0.0,0.03413803649981274,1
"LUAD,MIA",macrophage,SPP1,MIF,0.0340645923370018,0.0,0.0340645923370018,2
"LUAD,MIA",macrophage,SPP1,ANXA2,0.0324846151620514,0.0,0.0324846151620514,3
"LUAD,MIA",macrophage,SPP1,LPL,0.022919447791259755,0.0,0.022919447791259755,4
"LUAD,MIA",macrophage,SPP1,TK1,0.02273809498900902,0.0,0.02273809498900902,5
"LUAD,MIA",macrophage,SPP1,ADAMDEC1,0.021812818979003612,0.0,0.021812818979003612,6
"LUAD,MIA",macrophage,SPP1,FABP3,0.021524315987415138,0.0,0.021524315987415138,7
"LUAD,MIA",macrophage,SPP1,ITGB1,0.021367947098402614,0.0,0.021367947098402614,8
"LUAD,MIA",macrophage,SPP1,APOE,0.020662697655777502,0.0,0.020662697655777502,9
"LUAD,MIA",macrophage,SPP1,G0S2,0.020424535485511548,0.0,0.020424535485511548,10
"LUAD,MIA",macrophage,SPP1,NUCKS1,0.01914464657918839,0.0,0.01914464657918839,11
"LUAD,MIA",macrophage,SPP1,HMGB2,0.01692713859875512,0.0,0.01692713859875512,12
"LUAD,MIA",macrophage,SPP1,UBE2C,0.016739781359724638,0.0,0.016739781359724638,13
"LUAD,MIA",macrophage,SPP1,IFI6,0.016174980964342413,0.0,0.016174980964342413,14
"LUAD,MIA",macrophage,SPP1,CCL4,0.015912585741377806,0.0,0.015912585741377806,15
"LUAD,MIA",macrophage,SPP1,CCL3,0.01588161497589685,0.0,0.01588161497589685,16
"LUAD,MIA",macrophage,SPP1,ACP5,0.015355558876058112,0.0,0.015355558876058112,17
"LUAD,MIA",macrophage,SPP1,CXCL9,0.015215478230006935,0.0,0.015215478230006935,18
"LUAD,MIA",macrophage,SPP1,GCHFR,0.015171686640691864,0.0,0.015171686640691864,19
"LUAD,MIA",macrophage,SPP1,CD44,0.014712874137008745,0.0,0.014712874137008745,20
"LUAD,MIA",macrophage,SPP1,CHIT1,0.014363775400352014,0.0,0.014363775400352014,21
"LUAD,MIA",macrophage,SPP1,GLDN,0.014263628057902308,0.0,0.014263628057902308,22
"LUAD,MIA",macrophage,SPP1,MDK,0.014155273611615489,0.0,0.014155273611615489,23
"LUAD,MIA",macrophage,SPP1,APOC1,0.014085223474391954,0.0,0.014085223474391954,24
"LUAD,MIA",macrophage,SPP1,EPCAM,0.013928726650637421,0.0,0.013928726650637421,25
"LUAD,MIA",macrophage,SPP1,TYMS,0.01353314136601952,0.0,0.01353314136601952,26
"LUAD,MIA",macrophage,SPP1,MARCO,0.012679550405663858,0.0,0.012679550405663858,27
"LUAD,MIA",macrophage,SPP1,MKI67,0.012537158580885187,0.0,0.012537158580885187,28
"LUAD,MIA",macrophage,SPP1,RAB42,0.01184660860041952,0.0,0.01184660860041952,29
"LUAD,MIA",macrophage,SPP1,SIVA1,0.010683675019303666,0.0,0.010683675019303666,30
"LUAD,MIA",macrophage,SPP1,TACSTD2,0.010680157314064142,0.0,0.010680157314064142,31
"LUAD,MIA",macrophage,SPP1,PERP,0.010345336165151776,0.0,0.010345336165151776,32
"LUAD,MIA",macrophage,SPP1,ITGA5,0.010136274998029077,0.0,0.010136274998029077,33
"LUAD,MIA",macrophage,SPP1,LGALS3,0.005369671923289631,0.0,0.005369671923289631,34
"LUAD,MIA",macrophage,SPP1,CYP27A1,0.0050865196849653955,0.0,0.0050865196849653955,35
"LUAD,MIA",macrophage,SPP1,C1QB,0.004497285753317228,0.0,0.004497285753317228,36
"LUAD,MIA",macrophage,SPP1,LTA4H,0.004400420605737826,0.0,0.004400420605737826,37
"LUAD,MIA",macrophage,SPP1,CD74,0.003952449564284397,0.0,0.003952449564284397,38
"LUAD,MIA",macrophage,SPP1,TOP2A,0.0037397679149306353,0.0,0.0037397679149306353,39
"LUAD,MIA",macrophage,SPP1,C1QA,0.0037200257461694856,0.0,0.0037200257461694856,40
"LUAD,MIA",macrophage,SPP1,C1QC,0.0036556519570762344,0.0,0.0036556519570762344,41
"LUAD,MIA",macrophage,SPP1,MYBL2,0.0034326611668672666,0.0,0.0034326611668672666,42
"LUAD,MIA",macrophage,SPP1,RBP4,0.003412525238725135,0.0,0.003412525238725135,43
"LUAD,MIA",macrophage,SPP1,MCEMP1,0.003327552492608783,0.0,0.003327552492608783,44
"LUAD,MIA",macrophage,SPP1,PPARG,0.003315895917509637,0.0,0.003315895917509637,45
"LUAD,MIA",macrophage,SPP1,PLA2G7,0.0032235921551176227,0.0,0.0032235921551176227,46
"LUAD,MIA",macrophage,SPP1,S100A8,0.0031627976101782345,0.0,0.0031627976101782345,47
"LUAD,MIA",macrophage,SPP1,KRT8,0.0030603961696791153,0.0,0.0030603961696791153,48
"LUAD,MIA",macrophage,SPP1,GPD1,0.0030254078135095296,0.0,0.0030254078135095296,49
"LUAD,MIA",macrophage,SPP1,ECI1,0.0029855053365436543,0.0,0.0029855053365436543,50
"LUAD,MIA",macrophage,SPP1,FABP4,0.0028504689484819836,0.0,0.0028504689484819836,51
"LUAD,MIA",macrophage,SPP1,STMN1,0.0027901078121651025,0.0,0.0027901078121651025,52
"LUAD,MIA",macrophage,SPP1,INHBA,0.0027480737790906784,0.0,0.0027480737790906784,53
"LUAD,MIA",macrophage,SPP1,MME,0.00269722754595808,0.0,0.00269722754595808,54
"LUAD,MIA",macrophage,SPP1,CKS1B,0.002646185352366605,0.0,0.002646185352366605,55
"LUAD,MIA",macrophage,SPP1,NUSAP1,0.0026380787611780558,0.0,0.0026380787611780558,56
"LUAD,MIA",macrophage,SPP1,SPINT1,0.0026062446024038505,0.0,0.0026062446024038505,57
"LUAD,MIA",macrophage,SPP1,CXCL10,0.0025984526596052517,0.0,0.0025984526596052517,58
"LUAD,MIA",macrophage,SPP1,ATP6V0D2,0.002573646184139874,0.0,0.002573646184139874,59
"LUAD,MIA",macrophage,SPP1,CLDN4,0.0025480361490648274,0.0,0.0025480361490648274,60
"LUAD,MIA",macrophage,SPP1,LRP1,0.002515471375839525,0.0,0.002515471375839525,61
"LUAD,MIA",macrophage,SPP1,CCL4L2,0.0022887253641473396,0.0,0.0022887253641473396,62
"LUAD,MIA",macrophage,SPP1,SLC19A3,0.0022529642191898604,0.0,0.0022529642191898604,63
"LUAD,MIA",macrophage,SPP1,KRT7,0.0021949796832930863,0.0,0.0021949796832930863,64
"LUAD,MIA",macrophage,SPP1,CST6,0.002172583690483636,0.0,0.002172583690483636,65
"LUAD,MIA",macrophage,SPP1,GDF15,0.0021029504230339947,0.0,0.0021029504230339947,66
"LUAD,MIA",macrophage,SPP1,SOX4,0.0021010171060806136,0.0,0.0021010171060806136,67
"LUAD,MIA",macrophage,SPP1,RAB11FIP1,0.0020891201696333944,0.0,0.0020891201696333944,68
"LUAD,MIA",macrophage,SPP1,FAM89A,0.0020845828019753006,0.0,0.0020845828019753006,69
"LUAD,MIA",macrophage,SPP1,ITGAV,0.0020314363449691836,0.0,0.0020314363449691836,70
"LUAD,MIA",macrophage,SPP1,TMEM106C,0.002024341561791147,0.0,0.002024341561791147,71
"LUAD,MIA",macrophage,SPP1,DEK,0.001994560567933154,0.0,0.001994560567933154,72
"LUAD,MIA",macrophage,SPP1,CXCL8,0.0019786278687092414,0.0,0.0019786278687092414,73
"LUAD,MIA",macrophage,SPP1,RND3,0.001957727947192997,0.0,0.001957727947192997,74
"LUAD,MIA",macrophage,SPP1,NFKBIA,0.0019421349187932581,0.0,0.0019421349187932581,75
"LUAD,MIA",macrophage,SPP1,HAMP,0.0018563162645976604,0.0,0.0018563162645976604,76
"LUAD,MIA",macrophage,SPP1,PCNA,0.0018559745076247866,0.0,0.0018559745076247866,77
"LUAD,MIA",macrophage,SPP1,UBE2T,0.0017421559960630654,0.0,0.0017421559960630654,78
"LUAD,MIA",macrophage,SPP1,SDS,0.001713644740918699,0.0,0.001713644740918699,79
"LUAD,MIA",macrophage,SPP1,CD24,0.0017002361169594945,0.0,0.0017002361169594945,80
"LUAD,MIA",macrophage,SPP1,KRT19,0.0015503190868407686,0.0,0.0015503190868407686,81
"LUAD,MIA",macrophage,SPP1,HMGB3,0.0015228720885398861,0.0,0.0015228720885398861,82
"LUAD,MIA",macrophage,SPP1,CLDN7,0.001472532030149196,0.0,0.001472532030149196,83
"LUAD,MIA",macrophage,SPP1,CLDN3,0.0014697077659228692,0.0,0.0014697077659228692,84
"LUAD,MIA",macrophage,SPP1,CYP4B1,0.0014636807581932475,0.0,0.0014636807581932475,85
"LUAD,MIA",macrophage,SPP1,PPIF,0.0013567815015803647,0.0,0.0013567815015803647,86
"LUAD,MIA",macrophage,SPP1,IL1B,0.0013514417780455285,0.0,0.0013514417780455285,87
"LUAD,MIA",macrophage,SPP1,TNFRSF12A,0.0013308503920090242,0.0,0.0013308503920090242,88
"LUAD,MIA",macrophage,SPP1,CXCR4,0.0012856571990567326,0.0,0.0012856571990567326,89
"LUAD,MIA",macrophage,SPP1,ANXA3,0.0012441362126920316,0.0,0.0012441362126920316,90
"LUAD,MIA",macrophage,SPP1,CAMK1,0.0011901313758129997,0.0,0.0011901313758129997,91
"LUAD,MIA",macrophage,SPP1,CARHSP1,0.0011664800493574345,0.0,0.0011664800493574345,92
"LUAD,MIA",macrophage,SPP1,IFT57,0.0011521785103840202,0.0,0.0011521785103840202,93
"LUAD,MIA",macrophage,SPP1,CCL17,0.001150756747171018,0.0,0.001150756747171018,94
"LUAD,MIA",macrophage,SPP1,EREG,0.000932135924208886,0.0,0.000932135924208886,95
"LUAD,MIA",macrophage,SPP1,TNF,0.0009032890578024792,0.0,0.0009032890578024792,96
"LUAD,MIA",macrophage,SPP1,GPR183,0.0009017531893053213,0.0,0.0009017531893053213,97
"LUAD,MIA",macrophage,SPP1,IL1RAP,0.0009015556042249791,0.0,0.0009015556042249791,98
"LUAD,MIA",macrophage,SPP1,IL1R1,0.0008515169442078356,0.0,0.0008515169442078356,99
"LUAD,MIA",macrophage,SPP1,LGALS2,0.0008363067010754429,0.0,0.0008363067010754429,100
"LUAD,MIA",macrophage,SPP1,PDE4B,0.000803976765668986,0.0,0.000803976765668986,101
"LUAD,MIA",macrophage,SPP1,SERPINB9,0.0007911385154047056,0.0,0.0007911385154047056,102
"LUAD,MIA",macrophage,SPP1,CLEC10A,0.0007749854128106218,0.0,0.0007749854128106218,103
"LUAD,MIA",macrophage,SPP1,PLPP2,0.0007227419880035753,0.0,0.0007227419880035753,104
"LUAD,MIA",macrophage,SPP1,DUT,0.0006942106150221463,0.0,0.0006942106150221463,105
"LUAD,MIA",macrophage,SPP1,CD1C,0.0006899112659416659,0.0,0.0006899112659416659,106
"LUAD,MIA",macrophage,SPP1,EMP2,0.0006636999343122136,0.0,0.0006636999343122136,107
"LUAD,MIA",macrophage,SPP1,PRDM1,0.0006207285683634965,0.0,0.0006207285683634965,108
"LUAD,MIA",macrophage,SPP1,FOLR2,0.0004952349869859673,0.0,0.0004952349869859673,109
"LUAD,MIA",macrophage,SPP1,NLRP3,0.00048111632740540906,0.0,0.00048111632740540906,110
"LUAD,MIA",macrophage,SPP1,HBB,0.0004209353569625661,0.0,0.0004209353569625661,111
"LUAD,MIA",macrophage,SPP1,OTOA,0.00037861100229219144,0.0,0.00037861100229219144,112
"LUAD,MIA",macrophage,SPP1,AZU1,0.00028600514948633004,0.0,0.00028600514948633004,113
"LUAD,MIA",macrophage,SPP1,EEPD1,0.0002857367597444158,0.0,0.0002857367597444158,114
"LUAD,MIA",macrophage,SPP1,CXCR3,0.0002704568050107032,0.0,0.0002704568050107032,115
"LUAD,MIA",macrophage,TREM2,APOE,0.029434121721469995,0.0,0.029434121721469995,1
"LUAD,MIA",macrophage,TREM2,APOC1,0.0293872327208802,0.0,0.0293872327208802,2
"LUAD,MIA",macrophage,TREM2,ACP5,0.028454084494256036,0.0,0.028454084494256036,3
"LUAD,MIA",macrophage,TREM2,CYP27A1,0.026141962456408197,0.0,0.026141962456408197,4
"LUAD,MIA",macrophage,TREM2,ANXA2,0.023171349924172777,0.0,0.023171349924172777,5
"LUAD,MIA",macrophage,TREM2,LGALS3,0.022072790949788732,0.0,0.022072790949788732,6
"LUAD,MIA",macrophage,TREM2,GCHFR,0.021936398565254908,0.0,0.021936398565254908,7
"LUAD,MIA",macrophage,TREM2,MARCO,0.021890623119444466,0.0,0.021890623119444466,8
"LUAD,MIA",macrophage,TREM2,C1QB,0.021121195202763732,0.0,0.021121195202763732,9
"LUAD,MIA",macrophage,TREM2,CHIT1,0.019654169311699127,0.0,0.019654169311699127,10
"LUAD,MIA",macrophage,TREM2,RBP4,0.019411565836128703,0.0,0.019411565836128703,11
"LUAD,MIA",macrophage,TREM2,LTA4H,0.019207496333404232,0.0,0.019207496333404232,12
"LUAD,MIA",macrophage,TREM2,C1QA,0.01915991072897182,0.0,0.01915991072897182,13
"LUAD,MIA",macrophage,TREM2,LPL,0.019153268541945614,0.0,0.019153268541945614,14
"LUAD,MIA",macrophage,TREM2,IFI6,0.018500995985360133,0.0,0.018500995985360133,15
"LUAD,MIA",macrophage,TREM2,FABP3,0.018270587402713957,0.0,0.018270587402713957,16
"LUAD,MIA",macrophage,TREM2,CD74,0.018003431763209687,0.0,0.018003431763209687,17
"LUAD,MIA",macrophage,TREM2,PLA2G7,0.017525519665838787,0.0,0.017525519665838787,18
"LUAD,MIA",macrophage,TREM2,C1QC,0.017426445860078747,0.0,0.017426445860078747,19
"LUAD,MIA",macrophage,TREM2,PPARG,0.016790209047290294,0.0,0.016790209047290294,20
"LUAD,MIA",macrophage,TREM2,LRP1,0.013727353549353158,0.0,0.013727353549353158,21
"LUAD,MIA",macrophage,TREM2,RAB42,0.012732938253963539,0.0,0.012732938253963539,22
"LUAD,MIA",macrophage,TREM2,ATP6V0D2,0.01247546842764329,0.0,0.01247546842764329,23
"LUAD,MIA",macrophage,TREM2,SDS,0.011322704496168783,0.0,0.011322704496168783,24
"LUAD,MIA",macrophage,TREM2,MCEMP1,0.011320805726228976,0.0,0.011320805726228976,25
"LUAD,MIA",macrophage,TREM2,SPP1,0.010535891385635498,0.0,0.010535891385635498,26
"LUAD,MIA",macrophage,TREM2,GLDN,0.010040412266132035,0.0,0.010040412266132035,27
"LUAD,MIA",macrophage,TREM2,GPD1,0.009633075136589137,0.0,0.009633075136589137,28
"LUAD,MIA",macrophage,TREM2,INHBA,0.009135727308210178,0.0,0.009135727308210178,29
"LUAD,MIA",macrophage,TREM2,MME,0.008763410918537717,0.0,0.008763410918537717,30
"LUAD,MIA",macrophage,TREM2,ITGB1,0.008756275403604252,0.0,0.008756275403604252,31
"LUAD,MIA",macrophage,TREM2,HAMP,0.008434150073741091,0.0,0.008434150073741091,32
"LUAD,MIA",macrophage,TREM2,CCL3,0.008431724131837112,0.0,0.008431724131837112,33
"LUAD,MIA",macrophage,TREM2,S100A8,0.008351140702485044,0.0,0.008351140702485044,34
"LUAD,MIA",macrophage,TREM2,CD44,0.008232620331415044,0.0,0.008232620331415044,35
"LUAD,MIA",macrophage,TREM2,FAM89A,0.007846664167293068,0.0,0.007846664167293068,36
"LUAD,MIA",macrophage,TREM2,GDF15,0.00781594563827686,0.0,0.00781594563827686,37
"LUAD,MIA",macrophage,TREM2,RAB11FIP1,0.0075176392233218,0.0,0.0075176392233218,38
"LUAD,MIA",macrophage,TREM2,SLC19A3,0.0069451705566983294,0.0,0.0069451705566983294,39
"LUAD,MIA",macrophage,TREM2,ITGA5,0.0067295044934250125,0.0,0.0067295044934250125,40
"LUAD,MIA",macrophage,TREM2,ECI1,0.0061757338459848665,0.0,0.0061757338459848665,41
"LUAD,MIA",macrophage,TREM2,RND3,0.0060340250384495085,0.0,0.0060340250384495085,42
"LUAD,MIA",macrophage,TREM2,NUCKS1,0.005740544574873461,0.0,0.005740544574873461,43
"LUAD,MIA",macrophage,TREM2,FABP4,0.005513698535593233,0.0,0.005513698535593233,44
"LUAD,MIA",macrophage,TREM2,SPINT1,0.005304499875761768,0.0,0.005304499875761768,45
"LUAD,MIA",macrophage,TREM2,EEPD1,0.00529563621235802,0.0,0.00529563621235802,46
"LUAD,MIA",macrophage,TREM2,CLDN7,0.005141641747287583,0.0,0.005141641747287583,47
"LUAD,MIA",macrophage,TREM2,OTOA,0.004793034064399641,0.0,0.004793034064399641,48
"LUAD,MIA",macrophage,TREM2,CCL4L2,0.004576898770531152,0.0,0.004576898770531152,49
"LUAD,MIA",macrophage,TREM2,CYP4B1,0.004336914263898517,0.0,0.004336914263898517,50
"LUAD,MIA",macrophage,TREM2,SIVA1,0.004259227245630908,0.0,0.004259227245630908,51
"LUAD,MIA",macrophage,TREM2,EMP2,0.003986828808704278,0.0,0.003986828808704278,52
"LUAD,MIA",macrophage,TREM2,FOLR2,0.003921003951355823,0.0,0.003921003951355823,53
"LUAD,MIA",macrophage,TREM2,TMEM106C,0.0036351866112092892,0.0,0.0036351866112092892,54
"LUAD,MIA",macrophage,TREM2,CAMK1,0.0029610540102567536,0.0,0.0029610540102567536,55
"LUAD,MIA",macrophage,TREM2,DUT,0.002868314582034193,0.0,0.002868314582034193,56
"LUAD,MIA",macrophage,TREM2,ADAMDEC1,0.002650424226982379,0.0,0.002650424226982379,57
"LUAD,MIA",macrophage,TREM2,ITGAV,0.0018553444477977556,0.0,0.0018553444477977556,58
"LUAD,MIA",macrophage,TREM2,MIF,0.001850204413108816,0.0,0.001850204413108816,59
"LUAD,MIA",macrophage,TREM2,CXCL9,0.0016792197373801292,0.0,0.0016792197373801292,60
"LUAD,MIA",macrophage,TREM2,MDK,0.0015279954817773993,0.0,0.0015279954817773993,61
"LUAD,MIA",macrophage,TREM2,KRT8,0.001492951409193942,0.0,0.001492951409193942,62
"LUAD,MIA",macrophage,TREM2,CLDN4,0.0014916786136510395,0.0,0.0014916786136510395,63
"LUAD,MIA",macrophage,TREM2,EPCAM,0.0013957671588923893,0.0,0.0013957671588923893,64
"LUAD,MIA",macrophage,TREM2,NFKBIA,0.0013473417783816648,0.0,0.0013473417783816648,65
"LUAD,MIA",macrophage,TREM2,CKS1B,0.001282407404242918,0.0,0.001282407404242918,66
"LUAD,MIA",macrophage,TREM2,CXCL8,0.001112466326983093,0.0,0.001112466326983093,67
"LUAD,MIA",macrophage,TREM2,IL1RAP,0.0010610080816326345,0.0,0.0010610080816326345,68
"LUAD,MIA",macrophage,TREM2,HMGB2,0.0010556927641042772,0.0,0.0010556927641042772,69
"LUAD,MIA",macrophage,TREM2,TACSTD2,0.0010134685296750597,0.0,0.0010134685296750597,70
"LUAD,MIA",macrophage,TREM2,STMN1,0.0010122344875575459,0.0,0.0010122344875575459,71
"LUAD,MIA",macrophage,TREM2,CCL4,0.0009003315504510414,0.0,0.0009003315504510414,72
"LUAD,MIA",macrophage,TREM2,CST6,0.0008783550691489378,0.0,0.0008783550691489378,73
"LUAD,MIA",macrophage,TREM2,CXCR4,0.000870884694924002,0.0,0.000870884694924002,74
"LUAD,MIA",macrophage,TREM2,CXCL10,0.00086217385931914,0.0,0.00086217385931914,75
"LUAD,MIA",macrophage,TREM2,GPR183,0.0008374260634387305,0.0,0.0008374260634387305,76
"LUAD,MIA",macrophage,TREM2,KRT7,0.0008158294430948988,0.0,0.0008158294430948988,77
"LUAD,MIA",macrophage,TREM2,TNF,0.0008074987400483961,0.0,0.0008074987400483961,78
"LUAD,MIA",macrophage,TREM2,IFT57,0.0008033723942127452,0.0,0.0008033723942127452,79
"LUAD,MIA",macrophage,TREM2,PCNA,0.0008028517463651321,0.0,0.0008028517463651321,80
"LUAD,MIA",macrophage,TREM2,TK1,0.0007874818379881429,0.0,0.0007874818379881429,81
"LUAD,MIA",macrophage,TREM2,IL1R1,0.0007766087545463477,0.0,0.0007766087545463477,82
"LUAD,MIA",macrophage,TREM2,TYMS,0.000755490546272541,0.0,0.000755490546272541,83
"LUAD,MIA",macrophage,TREM2,LGALS2,0.0007104985102744702,0.0,0.0007104985102744702,84
"LUAD,MIA",macrophage,TREM2,CLEC10A,0.00070018765758099,0.0,0.00070018765758099,85
"LUAD,MIA",macrophage,TREM2,ANXA3,0.0006988055063173532,0.0,0.0006988055063173532,86
"LUAD,MIA",macrophage,TREM2,SOX4,0.0006916337263857334,0.0,0.0006916337263857334,87
"LUAD,MIA",macrophage,TREM2,AZU1,0.0006434796163758354,0.0,0.0006434796163758354,88
"LUAD,MIA",macrophage,TREM2,NUSAP1,0.000632667318736749,0.0,0.000632667318736749,89
"LUAD,MIA",macrophage,TREM2,MYBL2,0.0006206535030297969,0.0,0.0006206535030297969,90
"LUAD,MIA",macrophage,TREM2,TNFRSF12A,0.0006158074978023643,0.0,0.0006158074978023643,91
"LUAD,MIA",macrophage,TREM2,MKI67,0.0006134590420130604,0.0,0.0006134590420130604,92
"LUAD,MIA",macrophage,TREM2,DEK,0.0006019267285353156,0.0,0.0006019267285353156,93
"LUAD,MIA",macrophage,TREM2,IL1B,0.000559644447691379,0.0,0.000559644447691379,94
"LUAD,MIA",macrophage,TREM2,KRT19,0.0005498069925669481,0.0,0.0005498069925669481,95
"LUAD,MIA",macrophage,TREM2,PPIF,0.0005464209563044261,0.0,0.0005464209563044261,96
"LUAD,MIA",macrophage,TREM2,UBE2C,0.0005365237682398327,0.0,0.0005365237682398327,97
"LUAD,MIA",macrophage,TREM2,CD24,0.0005361930603150513,0.0,0.0005361930603150513,98
"LUAD,MIA",macrophage,TREM2,HBB,0.0005159673375431629,0.0,0.0005159673375431629,99
"LUAD,MIA",macrophage,TREM2,CLDN3,0.0005135848761065242,0.0,0.0005135848761065242,100
"LUAD,MIA",macrophage,TREM2,CARHSP1,0.0004891929993591386,0.0,0.0004891929993591386,101
"LUAD,MIA",macrophage,TREM2,NLRP3,0.0004418702065615797,0.0,0.0004418702065615797,102
"LUAD,MIA",macrophage,TREM2,G0S2,0.0004362673888717802,0.0,0.0004362673888717802,103
"LUAD,MIA",macrophage,TREM2,TOP2A,0.00042316843709282013,0.0,0.00042316843709282013,104
"LUAD,MIA",macrophage,TREM2,PERP,0.0004119067542110796,0.0,0.0004119067542110796,105
"LUAD,MIA",macrophage,TREM2,UBE2T,0.0004041953666802918,0.0,0.0004041953666802918,106
"LUAD,MIA",macrophage,TREM2,PLPP2,0.0003940915519744929,0.0,0.0003940915519744929,107
"LUAD,MIA",macrophage,TREM2,PDE4B,0.000291137664713416,0.0,0.000291137664713416,108
"LUAD,MIA",macrophage,TREM2,HMGB3,0.0002850157174950555,0.0,0.0002850157174950555,109
"LUAD,MIA",macrophage,TREM2,CD1C,0.00027798081926269,0.0,0.00027798081926269,110
"LUAD,MIA",macrophage,TREM2,EREG,0.000259569261020279,0.0,0.000259569261020279,111
"LUAD,MIA",macrophage,TREM2,PRDM1,0.00024407617300955376,0.0,0.00024407617300955376,112
"LUAD,MIA",macrophage,TREM2,SERPINB9,0.00023998274875857274,0.0,0.00023998274875857274,113
"LUAD,MIA",macrophage,TREM2,CCL17,0.00011806559838048388,0.0,0.00011806559838048388,114
"LUAD,MIA",macrophage,TREM2,CXCR3,5.4326323324408914e-05,0.0,5.4326323324408914e-05,115
"LUAD,MIA",macrophage,PLA2G7,APOE,0.034572563904337786,0.0,0.034572563904337786,1
"LUAD,MIA",macrophage,PLA2G7,ACP5,0.03162447606339781,0.0,0.03162447606339781,2
"LUAD,MIA",macrophage,PLA2G7,CHIT1,0.03126865841071599,0.0,0.03126865841071599,3
"LUAD,MIA",macrophage,PLA2G7,APOC1,0.028463414988262985,0.0,0.028463414988262985,4
"LUAD,MIA",macrophage,PLA2G7,CYP27A1,0.028247468157122323,0.0,0.028247468157122323,5
"LUAD,MIA",macrophage,PLA2G7,LGALS3,0.0252323943584017,0.0,0.0252323943584017,6
"LUAD,MIA",macrophage,PLA2G7,TREM2,0.024708281502461647,0.0,0.024708281502461647,7
"LUAD,MIA",macrophage,PLA2G7,RAB42,0.02313730479368779,0.0,0.02313730479368779,8
"LUAD,MIA",macrophage,PLA2G7,C1QB,0.021839599555987476,0.0,0.021839599555987476,9
"LUAD,MIA",macrophage,PLA2G7,SDS,0.021651589954522665,0.0,0.021651589954522665,10
"LUAD,MIA",macrophage,PLA2G7,ADAMDEC1,0.02045818156942095,0.0,0.02045818156942095,11
"LUAD,MIA",macrophage,PLA2G7,ATP6V0D2,0.020251088019140245,0.0,0.020251088019140245,12
"LUAD,MIA",macrophage,PLA2G7,FABP3,0.019491443821386574,0.0,0.019491443821386574,13
"LUAD,MIA",macrophage,PLA2G7,ANXA2,0.018089484154207098,0.0,0.018089484154207098,14
"LUAD,MIA",macrophage,PLA2G7,C1QC,0.017992348089136606,0.0,0.017992348089136606,15
"LUAD,MIA",macrophage,PLA2G7,CD74,0.016960053660416044,0.0,0.016960053660416044,16
"LUAD,MIA",macrophage,PLA2G7,LTA4H,0.016354949264116243,0.0,0.016354949264116243,17
"LUAD,MIA",macrophage,PLA2G7,C1QA,0.015796676972093346,0.0,0.015796676972093346,18
"LUAD,MIA",macrophage,PLA2G7,HAMP,0.015602286454936495,0.0,0.015602286454936495,19
"LUAD,MIA",macrophage,PLA2G7,ITGAV,0.01353778598175965,0.0,0.01353778598175965,20
"LUAD,MIA",macrophage,PLA2G7,CXCL9,0.012637157817521557,0.0,0.012637157817521557,21
"LUAD,MIA",macrophage,PLA2G7,IFI6,0.012454897021318799,0.0,0.012454897021318799,22
"LUAD,MIA",macrophage,PLA2G7,LRP1,0.012095469614916747,0.0,0.012095469614916747,23
"LUAD,MIA",macrophage,PLA2G7,CCL3,0.011666350841302731,0.0,0.011666350841302731,24
"LUAD,MIA",macrophage,PLA2G7,CXCR4,0.011482922961295012,0.0,0.011482922961295012,25
"LUAD,MIA",macrophage,PLA2G7,GPR183,0.009665287856970062,0.0,0.009665287856970062,26
"LUAD,MIA",macrophage,PLA2G7,GCHFR,0.009385508583536305,0.0,0.009385508583536305,27
"LUAD,MIA",macrophage,PLA2G7,NFKBIA,0.009285332524150756,0.0,0.009285332524150756,28
"LUAD,MIA",macrophage,PLA2G7,ECI1,0.00925991123513802,0.0,0.00925991123513802,29
"LUAD,MIA",macrophage,PLA2G7,FOLR2,0.008471632284583412,0.0,0.008471632284583412,30
"LUAD,MIA",macrophage,PLA2G7,CD44,0.008457257535382703,0.0,0.008457257535382703,31
"LUAD,MIA",macrophage,PLA2G7,GDF15,0.008154590262632471,0.0,0.008154590262632471,32
"LUAD,MIA",macrophage,PLA2G7,NUCKS1,0.007793465003960607,0.0,0.007793465003960607,33
"LUAD,MIA",macrophage,PLA2G7,LGALS2,0.007749510281998632,0.0,0.007749510281998632,34
"LUAD,MIA",macrophage,PLA2G7,PRDM1,0.007481769118444579,0.0,0.007481769118444579,35
"LUAD,MIA",macrophage,PLA2G7,OTOA,0.007417610589851667,0.0,0.007417610589851667,36
"LUAD,MIA",macrophage,PLA2G7,S100A8,0.007298722066483788,0.0,0.007298722066483788,37
"LUAD,MIA",macrophage,PLA2G7,IL1R1,0.00666741568184127,0.0,0.00666741568184127,38
"LUAD,MIA",macrophage,PLA2G7,EEPD1,0.006484655710888658,0.0,0.006484655710888658,39
"LUAD,MIA",macrophage,PLA2G7,CLDN4,0.006374914091827253,0.0,0.006374914091827253,40
"LUAD,MIA",macrophage,PLA2G7,CLEC10A,0.006294078800948555,0.0,0.006294078800948555,41
"LUAD,MIA",macrophage,PLA2G7,KRT8,0.006229609905006853,0.0,0.006229609905006853,42
"LUAD,MIA",macrophage,PLA2G7,CKS1B,0.005490897003669126,0.0,0.005490897003669126,43
"LUAD,MIA",macrophage,PLA2G7,MARCO,0.005011125252700534,0.0,0.005011125252700534,44
"LUAD,MIA",macrophage,PLA2G7,RBP4,0.0045631057825506315,0.0,0.0045631057825506315,45
"LUAD,MIA",macrophage,PLA2G7,PPARG,0.004501307651193006,0.0,0.004501307651193006,46
"LUAD,MIA",macrophage,PLA2G7,LPL,0.004084379790098179,0.0,0.004084379790098179,47
"LUAD,MIA",macrophage,PLA2G7,MCEMP1,0.00329633103311651,0.0,0.00329633103311651,48
"LUAD,MIA",macrophage,PLA2G7,GPD1,0.003024773070625597,0.0,0.003024773070625597,49
"LUAD,MIA",macrophage,PLA2G7,FABP4,0.0029203947726401808,0.0,0.0029203947726401808,50
"LUAD,MIA",macrophage,PLA2G7,MME,0.002866939764627611,0.0,0.002866939764627611,51
"LUAD,MIA",macrophage,PLA2G7,INHBA,0.0025957142263210217,0.0,0.0025957142263210217,52
"LUAD,MIA",macrophage,PLA2G7,GLDN,0.0024012189329321613,0.0,0.0024012189329321613,53
"LUAD,MIA",macrophage,PLA2G7,SLC19A3,0.0022858406804157514,0.0,0.0022858406804157514,54
"LUAD,MIA",macrophage,PLA2G7,FAM89A,0.002218893194851382,0.0,0.002218893194851382,55
"LUAD,MIA",macrophage,PLA2G7,RAB11FIP1,0.002155130645792089,0.0,0.002155130645792089,56
"LUAD,MIA",macrophage,PLA2G7,MIF,0.00197941207320639,0.0,0.00197941207320639,57
"LUAD,MIA",macrophage,PLA2G7,ITGB1,0.0019538290820658335,0.0,0.0019538290820658335,58
"LUAD,MIA",macrophage,PLA2G7,CXCL10,0.0017925300174954346,0.0,0.0017925300174954346,59
"LUAD,MIA",macrophage,PLA2G7,MDK,0.0017245925719917392,0.0,0.0017245925719917392,60
"LUAD,MIA",macrophage,PLA2G7,ITGA5,0.001639949880819671,0.0,0.001639949880819671,61
"LUAD,MIA",macrophage,PLA2G7,SPINT1,0.0015740492436727566,0.0,0.0015740492436727566,62
"LUAD,MIA",macrophage,PLA2G7,CXCL8,0.001501258576279968,0.0,0.001501258576279968,63
"LUAD,MIA",macrophage,PLA2G7,RND3,0.0014816820971216857,0.0,0.0014816820971216857,64
"LUAD,MIA",macrophage,PLA2G7,EPCAM,0.001471103514764453,0.0,0.001471103514764453,65
"LUAD,MIA",macrophage,PLA2G7,PDE4B,0.0014292347092533676,0.0,0.0014292347092533676,66
"LUAD,MIA",macrophage,PLA2G7,SPP1,0.0014026343576363737,0.0,0.0014026343576363737,67
"LUAD,MIA",macrophage,PLA2G7,HMGB2,0.0013416829213244294,0.0,0.0013416829213244294,68
"LUAD,MIA",macrophage,PLA2G7,SERPINB9,0.0011726101962739846,0.0,0.0011726101962739846,69
"LUAD,MIA",macrophage,PLA2G7,PPIF,0.0011522005372227887,0.0,0.0011522005372227887,70
"LUAD,MIA",macrophage,PLA2G7,CLDN7,0.0011309707427055228,0.0,0.0011309707427055228,71
"LUAD,MIA",macrophage,PLA2G7,MYBL2,0.0010989123098762293,0.0,0.0010989123098762293,72
"LUAD,MIA",macrophage,PLA2G7,SIVA1,0.0010581825454066718,0.0,0.0010581825454066718,73
"LUAD,MIA",macrophage,PLA2G7,CCL4L2,0.0010319940738242777,0.0,0.0010319940738242777,74
"LUAD,MIA",macrophage,PLA2G7,KRT7,0.0010169404200123758,0.0,0.0010169404200123758,75
"LUAD,MIA",macrophage,PLA2G7,CYP4B1,0.000962661411682855,0.0,0.000962661411682855,76
"LUAD,MIA",macrophage,PLA2G7,NLRP3,0.0009319920719130326,0.0,0.0009319920719130326,77
"LUAD,MIA",macrophage,PLA2G7,NUSAP1,0.000878250843810237,0.0,0.000878250843810237,78
"LUAD,MIA",macrophage,PLA2G7,TACSTD2,0.0008617953828155375,0.0,0.0008617953828155375,79
"LUAD,MIA",macrophage,PLA2G7,CST6,0.0008320471411481594,0.0,0.0008320471411481594,80
"LUAD,MIA",macrophage,PLA2G7,CCL4,0.0008319938021245602,0.0,0.0008319938021245602,81
"LUAD,MIA",macrophage,PLA2G7,TMEM106C,0.0008270758081596317,0.0,0.0008270758081596317,82
"LUAD,MIA",macrophage,PLA2G7,TYMS,0.000789868443676183,0.0,0.000789868443676183,83
"LUAD,MIA",macrophage,PLA2G7,IL1B,0.0007772382126434007,0.0,0.0007772382126434007,84
"LUAD,MIA",macrophage,PLA2G7,STMN1,0.0007587368105178601,0.0,0.0007587368105178601,85
"LUAD,MIA",macrophage,PLA2G7,MKI67,0.0007471350535367119,0.0,0.0007471350535367119,86
"LUAD,MIA",macrophage,PLA2G7,IL1RAP,0.0007420158531964624,0.0,0.0007420158531964624,87
"LUAD,MIA",macrophage,PLA2G7,DEK,0.0007378775424555994,0.0,0.0007378775424555994,88
"LUAD,MIA",macrophage,PLA2G7,HBB,0.0007236805059984666,0.0,0.0007236805059984666,89
"LUAD,MIA",macrophage,PLA2G7,IFT57,0.0007208813289945578,0.0,0.0007208813289945578,90
"LUAD,MIA",macrophage,PLA2G7,TK1,0.0006841574999596775,0.0,0.0006841574999596775,91
"LUAD,MIA",macrophage,PLA2G7,SOX4,0.0006746395152771491,0.0,0.0006746395152771491,92
"LUAD,MIA",macrophage,PLA2G7,CD24,0.0006692661475947226,0.0,0.0006692661475947226,93
"LUAD,MIA",macrophage,PLA2G7,TOP2A,0.0005620185351550894,0.0,0.0005620185351550894,94
"LUAD,MIA",macrophage,PLA2G7,CD1C,0.0005532248718345649,0.0,0.0005532248718345649,95
"LUAD,MIA",macrophage,PLA2G7,TNF,0.0005090933212446142,0.0,0.0005090933212446142,96
"LUAD,MIA",macrophage,PLA2G7,EMP2,0.0005076236656774935,0.0,0.0005076236656774935,97
"LUAD,MIA",macrophage,PLA2G7,UBE2C,0.0005066905510943404,0.0,0.0005066905510943404,98
"LUAD,MIA",macrophage,PLA2G7,CLDN3,0.0005021720017182666,0.0,0.0005021720017182666,99
"LUAD,MIA",macrophage,PLA2G7,KRT19,0.000500998174538895,0.0,0.000500998174538895,100
"LUAD,MIA",macrophage,PLA2G7,CAMK1,0.0004921838558176743,0.0,0.0004921838558176743,101
"LUAD,MIA",macrophage,PLA2G7,PERP,0.0004916596822276916,0.0,0.0004916596822276916,102
"LUAD,MIA",macrophage,PLA2G7,ANXA3,0.0004891435296457419,0.0,0.0004891435296457419,103
"LUAD,MIA",macrophage,PLA2G7,CCL17,0.00048823677352255153,0.0,0.00048823677352255153,104
"LUAD,MIA",macrophage,PLA2G7,UBE2T,0.0004737916241398187,0.0,0.0004737916241398187,105
"LUAD,MIA",macrophage,PLA2G7,EREG,0.00045904016519344727,0.0,0.00045904016519344727,106
"LUAD,MIA",macrophage,PLA2G7,DUT,0.00040149345741163597,0.0,0.00040149345741163597,107
"LUAD,MIA",macrophage,PLA2G7,PCNA,0.0003950530923582213,0.0,0.0003950530923582213,108
"LUAD,MIA",macrophage,PLA2G7,TNFRSF12A,0.00039236517532856855,0.0,0.00039236517532856855,109
"LUAD,MIA",macrophage,PLA2G7,PLPP2,0.000326763505911377,0.0,0.000326763505911377,110
"LUAD,MIA",macrophage,PLA2G7,CARHSP1,0.0003266016492169465,0.0,0.0003266016492169465,111
"LUAD,MIA",macrophage,PLA2G7,CXCR3,0.00032443332492651435,0.0,0.00032443332492651435,112
"LUAD,MIA",macrophage,PLA2G7,AZU1,0.00031620349336512277,0.0,0.00031620349336512277,113
"LUAD,MIA",macrophage,PLA2G7,G0S2,0.00030933343880370866,0.0,0.00030933343880370866,114
"LUAD,MIA",macrophage,PLA2G7,HMGB3,0.00022353188365393844,0.0,0.00022353188365393844,115
